NgayDangBan,Id_NguoiDangban,NguoiDangban,LoaiBDS,Tinh,Huyen,Xa,DiaChi,TongGia,Gia/m2,MaTin,DienTich,ChieuDai,ChieuRong,Huong,PhongNgu,PhongTam,MoTa,id,GiayToPhapLy,TienIchLanCan,DuongVaoBds,ViTri,HuongBanCong,NamXayDung,HienTrangNha,TrangThaiSuDung,TienIchToaNha,HangXom,AnNinh,DuongVao,SoTang,KetCau,"NoiThat,TienNghi"
"11/07/2022, 18:38",133,Nguyá»…n Quá»‘c Phá»¥ng,Biá»‡t thá»±,Quáº£ng Nam,Thá»‹ xÃ£ Äiá»‡n BÃ n,PhÆ°á»ng Äiá»‡n Ngá»c,"PhÆ°á»ng Äiá»‡n Ngá»c, Thá»‹ xÃ£ Äiá»‡n BÃ n, Quáº£ng Nam",29 tá»·,122.36 triá»‡u/mÂ²,15447,237 mÂ²,--,--,--,--,--,"- Sá»‘ lÆ°á»£ng giá»›i háº¡n chá»‰ 10 cÄƒn duy nháº¥t Ä‘Æ°á»£c má»Ÿ bÃ¡n Ä‘á»™c nháº¥t trÃªn cung Ä‘Æ°á»ng du lá»‹ch tá»· Ä‘Ã´ ÄÃ  Náºµng - Há»™i An. Sá»Ÿ há»¯u vá»‹ trÃ­ 'máº·t tiá»n vÃ ng' Ä‘á»‘i diá»‡n sÃ¢n golf Montgomerie Danang.
-------------------------------------------------
- Lá»£i Ã­ch kÃ©p vá»›i 2 dÃ²ng thu nháº­p:
+ Diá»‡n tÃ­ch thÆ°Æ¡ng máº¡i (shop) gáº§n 600 triá»‡u/nÄƒm.
+ Biá»‡t thá»± 2PN (villa) tham gia chÆ°Æ¡ng trÃ¬nh váº­n hÃ nh cá»§a Marriott International chia sáº» doanh thu 60 % - 40%.
---------------------------------------------------
- ChÆ°Æ¡ng trÃ¬nh cam káº¿t thuÃª láº¡i Diá»‡n tÃ­ch thÆ°Æ¡ng máº¡i (shop) lÃªn tá»›i 10 nÄƒm vÃ  thanh toÃ¡n doanh thu 5 nÄƒm Ä‘áº§u 1 láº§n cho khÃ¡ch hÃ ng (gáº§n 3 tá»·) sau khi nháº­n bÃ n giao.
- ChÃ­nh sÃ¡ch há»— trá»£ vay ngÃ¢n hÃ ng háº¥p dáº«n, thanh toÃ¡n chá»‰ 10%, lÃ£i suáº¥t 0% vÃ  Ã¢n háº¡n ná»£ gá»‘c tá»›i thÃ¡ng 06/2024. Booking Ä‘á»‹nh danh cÃ³ hoÃ n láº¡i:
300 triá»‡u - Villa (biá»‡t thá»±).",1657539507,,,,,,,,,,,,,,,
"11/07/2022, 18:32",133,Nguyá»…n Quá»‘c Phá»¥ng,Biá»‡t thá»±,Quáº£ng Nam,Thá»‹ xÃ£ Äiá»‡n BÃ n,PhÆ°á»ng Äiá»‡n Ngá»c,"PhÆ°á»ng Äiá»‡n Ngá»c, Thá»‹ xÃ£ Äiá»‡n BÃ n, Quáº£ng Nam",29 tá»·,122.36 triá»‡u/mÂ²,15446,237 mÂ²,--,--,--,--,--,"Tá»•ng quan:
- Chá»§ Ä‘áº§u tÆ°: MB Tonkinland.
- ÄÆ¡n vá»‹ quáº£n lÃ­ vÃ  váº­n hÃ nh: Marriott International.
1. Vá»‹ trÃ­ dá»± Ã¡n.
- Náº±m trÃªn tuyáº¿n Ä‘Æ°á»ng biá»ƒn ÄÃ  Náºµng, ngay nÃºt giao giá»¯a ÄÃ  Náºµng - Há»™i An. - Äá»‘i diá»‡n sÃ¢n Golf Montgomerielinks.
-----------------------------------
2. Quy mÃ´: 8ha.
3. Sá»‘ lÆ°á»£ng: 63 cÄƒn biá»‡t thá»± biá»ƒn vÃ  1 toÃ  cÄƒn há»™ 149 cÄƒn. Äáº·c quyá»n chá»§ sá»Ÿ há»¯u;. - ÄÆ°á»£c quáº£n lÃ­ vÃ  váº­n hÃ nh bá»Ÿi táº­p Ä‘oÃ n Top 1 tháº¿ giá»›i Marriott. - Sá»­ dá»¥ng toÃ n bá»™ tiá»‡n Ã­ch Resort 6 sao Ä‘áº³ng cáº¥p Marriott International. - Thanh toÃ¡n Æ°u viá»‡c chá»‰ 20% (Khoáº£n 3 tá»·) tá»›i lÃºc nháº­n bÃ n giao nhÃ . - Chiáº¿t kháº¥u lÃªn tá»›i 9% dÃ nh cho khÃ¡ch hÃ ng thanh toÃ¡n nhanh. - Há»— trá»£ lÃ£i suáº¥t 0% vÃ  Ã¢n háº¡n ná»£ gá»‘c lÃªn tá»›i 24 thÃ¡ng ká»ƒ tá»« ngÃ y kÃ½ HÄMB. - Táº·ng gÃ³i tráº£i nghiá»‡m 4 ngÃ y 3 Ä‘Ãªm dÃ nh cho 2 ngÆ°á»i táº¡i Le MÃ©ridien Singapore Sentosa. - Cam káº¿t váº­n hÃ nh vÃ  thuÃª láº¡i vá»›i má»±c giÃ¡ cá»±c khá»§ng.",1657539175,,,,,,,,,,,,,,,
"11/07/2022, 18:30",133,Nguyá»…n Quá»‘c Phá»¥ng,Biá»‡t thá»±,Quáº£ng Nam,Thá»‹ xÃ£ Äiá»‡n BÃ n,PhÆ°á»ng Äiá»‡n Ngá»c,"PhÆ°á»ng Äiá»‡n Ngá»c, Thá»‹ xÃ£ Äiá»‡n BÃ n, Quáº£ng Nam",28 tá»·,118.14 triá»‡u/mÂ²,15445,237 mÂ²,--,--,--,--,--,"Dá»± Ã¡n toáº¡ láº¡c trÃªn tuyáº¿n Ä‘Æ°á»ng triá»‡u Ä‘Ã´ VÃµ NguyÃªn GiÃ¡p - Láº¡c Long QuÃ¢n, náº±m ngay nÃºt giao giá»¯a ÄÃ  Náºµng - Há»™i An, Ä‘á»‘i diá»‡n 2 sÃ¢n golf: Montgomerie Links vÃ  BRG Ä‘áº³ng cáº¥p tháº¿ giá»›i. Duy nháº¥t 63 cÄƒn biá»‡t thá»± mang thÆ°Æ¡ng hiá»‡u Le Meridien Ä‘áº§u tiÃªn á»Ÿ ChÃ¢u Ã.
Le Manoir: 700m2 4PN.
L OcÃ©an Villa: 500m2 4PN.
La Plage Villa: 300m2 320 m2 3PN.
La Colline Villa: 335m2 3PN.
Le Lagon Villa: 237m2 3PN.
La Boutique Villa: 220m2 2PN. * Tiá»‡n Ã­ch: NhÃ  hÃ ng máº·t biá»ƒn, All day Dinning Restaurant, há»“ bÆ¡i vÃ´ cá»±c máº·t biá»ƒn, há»“ bÆ¡i tráº» em, há»“ bÆ¡i ngÆ°á»i lá»›n, khu vui chÆ¡i nÆ°á»›c tráº» em, phÃ²ng táº­p gym, detox spa, khu vá»±c sá»± kiá»‡n ngoÃ i trá»i, Le MÃ©ridien Hub (Lounge & Bar), trung tÃ¢m há»™i nghá»‹ 3.000 m2. * CSBH Ã¡p dá»¥ng duy nháº¥t cho 20 cÄƒn má»Ÿ bÃ¡n giai Ä‘oáº¡n 1, thanh toÃ¡n chá»‰ 10% tÆ°Æ¡ng Ä‘Æ°Æ¡ng 3 tá»· Ä‘á»“ng Ä‘á»ƒ sá»Ÿ há»¯u biá»‡t thá»± Le MÃ©ridien Ä‘Æ°á»£c trang bá»‹ full ná»™i tháº¥t Ä‘o ni Ä‘Ã³ng giÃ y vÃ  Ä‘Æ°á»£c váº­n hÃ nh bá»Ÿi táº­p Ä‘oÃ n Marriott International. * ChÆ°Æ¡ng trÃ¬nh há»— trá»£ lÃ£i suáº¥t 0% vÃ  Ã¢n háº¡n ná»£ gá»‘c lÃªn tá»›i 24 thÃ¡ng ká»ƒ tá»« ngÃ y kÃ½ HÄMB (10%). KhÃ¡ch hÃ ng khÃ´ng pháº£i thanh toÃ¡n gÃ¬ trong 24 thÃ¡ng tá»« thÃ¡ng 6/2022 tá»›i thÃ¡ng 6/2024. * Chá»§ Ä‘áº§u tÆ° há»— trá»£ chuyá»ƒn nhÆ°á»£ng khi thanh toÃ¡n Ä‘á»§ 10% vÃ  kÃ½ HÄMB, cÆ¡ há»™i 'lÆ°á»›t sÃ³ng' khÃ´ng thá»ƒ bá» lá»¡. * Cam káº¿t thuÃª láº¡i 10 nÄƒm Ä‘á»‘i vá»›i pháº§n diá»‡n tÃ­ch thÆ°Æ¡ng máº¡i cá»§a Boutique Villa vÃ  thanh toÃ¡n doanh thu 5 nÄƒm Ä‘áº§u 1 láº§n sau khi nháº­n bÃ n giao (gáº§n 3 tá»· Ä‘á»“ng). * Sá»Ÿ há»¯u 30 Ä‘Ãªm nghá»‰ dÆ°á»¡ng hÃ ng nÄƒm cÃ¹ng chÆ°Æ¡ng trÃ¬nh chia sáº» doanh thu tá»‰ lá»‡ 60 - 40 vá»›i Ä‘Æ¡n vá»‹ váº­n hÃ nh. * Táº·ng gÃ³i tráº£i nghiá»‡m 4 ngÃ y 3 Ä‘Ãªm dÃ nh cho 2 ngÆ°á»i táº¡i Le MÃ©ridien Singapore Sentosa. * ChÆ°Æ¡ng trÃ¬nh chiáº¿t kháº¥u lÃªn tá»›i 9% dÃ nh cho khÃ¡ch hÃ ng thanh toÃ¡n nhanh.
* Quyá»n Æ°u tiÃªn chá»n mua cÄƒn há»™ háº¡ng sang Le MÃ©ridien (cÄƒn há»™ cÃ³ thang mÃ¡y riÃªng Ä‘áº§u tiÃªn vÃ  duy nháº¥t táº¡i ÄÃ  Náºµng) vá»›i má»©c giÃ¡ Æ°u Ä‘Ã£i 5%.
-----------------------------------------------------------.",1657539023,,,,,,,,,,,,,,,
"11/07/2022, 18:28",133,Nguyá»…n Quá»‘c Phá»¥ng,Biá»‡t thá»±,Quáº£ng Nam,Thá»‹ xÃ£ Äiá»‡n BÃ n,PhÆ°á»ng Äiá»‡n Ngá»c,"PhÆ°á»ng Äiá»‡n Ngá»c, Thá»‹ xÃ£ Äiá»‡n BÃ n, Quáº£ng Nam",27 tá»·,113.92 triá»‡u/mÂ²,15444,237 mÂ²,--,--,--,--,--,"Le Meridien Residences Danang - Biá»‡t thá»± mang thÆ°Æ¡ng hiá»‡u Le Meridien Ä‘áº§u tiÃªn táº¡i ChÃ¢u Ã, vÃ  thá»© 2 cá»§a tháº¿ giá»›i. Le Meridien Resort & Spa lÃ  dá»± Ã¡n Ä‘á»™c quyá»n bÃªn bá» biá»ƒn bao gá»“m Khu cÄƒn há»™ cao cáº¥p vÃ  Khu nghá»‰ dÆ°á»¡ng 5 sao.
- Kiáº¿n trÃºc - ná»™i tháº¥t Ä‘áº­m cháº¥t nghá»‡ thuáº­t vÃ  giÃ u tÃ­nh di sáº£n.
- Cá»™ng Ä‘á»“ng tinh hoa toÃ n cáº§u. Vá»‹ trÃ­:
Dá»± Ã¡n Le Meridien Danang tá»a láº¡c trÃªn má»™t khu Ä‘áº¥t hoang sÆ¡ rá»™ng 8 ha ven biá»ƒn, giÃ¡p ranh giá»¯a ÄÃ  Náºµng vÃ  Há»™i An.
Vá»‹ trÃ­ tuyá»‡t vá»i nÃ y cÃ³ táº§m nhÃ¬n ngoáº¡n má»¥c ra NgÅ© HÃ nh SÆ¡n, Biá»ƒn ÄÃ´ng, CÃ¹ Lao ChÃ m vÃ  cháº¯c cháº¯n sáº½ trá»Ÿ thÃ nh má»™t Ä‘á»‹a chá»‰ cao cáº¥p táº¡i ÄÃ  Náºµng.
Chá»‰ cÃ¡ch sÃ¢n bay quá»‘c táº¿ ÄÃ  Náºµng 15 phÃºt Ä‘i xe vÃ  Ä‘á»‘i diá»‡n vá»›i hai sÃ¢n gÃ´n Ä‘áº³ng cáº¥p tháº¿ giá»›i: Montgomerie Links do Colin Montgomerie thiáº¿t káº¿ vÃ  The Dunes Course do Greg Norman thiáº¿t káº¿, cháº¯c cháº¯n Ä‘Ã¢y sáº½ trá»Ÿ thÃ nh má»™t trong nhá»¯ng Ä‘á»‹a Ä‘iá»ƒm lÆ°u trÃº yÃªu thÃ­ch cá»§a cÃ¡c gÃ´n thá»§. ThÃ´ng tin dá»± Ã¡n.
- Tá»•ng diá»‡n tÃ­ch: 79.764m2.
- Dá»± kiáº¿n bÃ n giao: Q4/2023.
- ÄÆ¡n vá»‹ quáº£n lÃ½ váº­n hÃ nh: Marriott International.
- ThÆ°Æ¡ng hiá»‡u: Le MÃ©ridien.
- ÄÆ¡n vá»‹ phÃ¡t triá»ƒn: IFF Holdings.
- Máº­t Ä‘á»™ xÃ¢y dá»±ng: 23.1% - 8000m2 máº·t nÆ°á»›c.
- KhÃ¡ch sáº¡n: 12 táº§ng 320 phÃ²ng, 16 villa.
- Biá»‡t thá»±: 63 cÄƒn. Tiá»‡n Ã­ch:
Táº¥t cáº£ chá»§ sá»Ÿ há»¯u vÃ  cÆ° dÃ¢n cá»§a Le Meridien Resort & Spa sáº½ cÃ³ thá»ƒ táº­n hÆ°á»Ÿng cÃ¡c tiá»‡n Ã­ch Ä‘á»™c quyá»n cá»§a khu nghá»‰ dÆ°á»¡ng vÃ  lÃ  Ä‘iá»ƒm Ä‘áº¿n khÃ´ng giá»›i háº¡n bá»Ÿi bÃ£i biá»ƒn riÃªng khÃ©p kÃ­n vÃ  há»“ bÆ¡i, cÃ¹ng vá»›i táº¥t cáº£ cÃ¡c tiá»‡n Ã­ch cá»§a nÃ³ bao gá»“m Le Meridien Hub, Trung tÃ¢m Spa & Thá»ƒ dá»¥c, Táº¥t cáº£ cÃ¡c hoáº¡t Ä‘á»™ng ban ngÃ y táº¡i The Beachfront Restaurant, Pool Bar, Grand Ballroom, v. V. Táº¥t cáº£ nhá»¯ng tiá»‡n Ã­ch nÃ y má»™t pháº§n nÃ o lÃ m cho khu resort trá»Ÿ thÃ nh má»™t nÆ¡i hoÃ n háº£o Ä‘á»ƒ thÆ° giÃ£n vÃ  nghá»‰ dÆ°á»¡ng.. Loáº¡i biá»‡t thá»±.
63 cÄƒn biá»‡t thá»± Ä‘á»‹nh danh Le Meridien Ä‘áº§u tiÃªn táº¡i ChÃ¢u Ã.
GiÃ¡ chá»‰ Ä‘á»‹nh bao gá»“m gÃ³i ná»™i tháº¥t Ä‘áº§y Ä‘á»§:
- Biá»‡t thá»± Ä‘á»“i - La Lagoon Villa (237,5m2) ~ 29 tá»·.
- Biá»‡t thá»± trÃªn Ä‘á»“i - La Colline Villa (335m2) ~ 38,5 tá»·.
- Biá»‡t thá»± biá»ƒn - La Plage Villa (300m2) ~ 42,6 tá»·.
- Biá»‡t thá»± biá»ƒn - La Plage Villa (320m2) ~ 45,5 tá»·.
- Biá»‡t thá»± máº·t tiá»n biá»ƒn - L' OcÃ©an Villa (500m2) ~ 80 tá»·.
- Biá»‡t thá»± Tá»•ng thá»‘ng - La Manoir Villa (700m2).
- Biá»‡t thá»± shophouse - La Boutique Villa (220m2) ~ 45 tá»·. Quyá»n lá»£i chá»§ sá»Ÿ há»¯u.
- Tham gia chÆ°Æ¡ng trÃ¬nh cam káº¿t thuÃª 10 nÄƒm cá»§a Ä‘Æ¡n vá»‹ váº­n hÃ nh Ä‘á»‘i vá»›i khÃ¡ch hÃ ng mua La Boutique Villa.
- Tham gia chÆ°Æ¡ng trÃ¬nh Chia sáº» doanh thu cho thuÃª 40 - 60 vá»›i Ä‘Æ¡n vá»‹ váº­n hÃ nh.
- 3 nÄƒm tháº» háº¡ng Báº¡ch Kim - Club Marriot.
- 30 Ä‘Ãªm nghá»‰ dÆ°á»¡ng hÃ ng nÄƒm. Lá»‹ch thanh toÃ¡n.
- Thanh toÃ¡n 32% trong nÄƒm 2022.
- Thanh toÃ¡n 63% trong nÄƒm 2023.
- BÃ n giao giáº¥y Chá»©ng nháº­n quyá»n sá»Ÿ há»¯u thanh toÃ¡n 5%.
- NgÃ¢n hÃ ng há»— trá»£ vay 75%.
- NgÃ¢n hÃ ng cho vay: VP Bank. ChÆ°Æ¡ng trÃ¬nh Æ°u Ä‘Ã£i.
- Táº·ng 1 mÃ³n quÃ  mang thÆ°Æ¡ng hiá»‡u Hermes trá»‹ giÃ¡ tÆ°Æ¡ng Ä‘Æ°Æ¡ng 70,000,000 vnd.
- RÃºt thÄƒm trÃºng thÆ°á»Ÿng Xe Land Rover trá»‹ giÃ¡ 5 tá»· Ä‘á»“ng dÃ nh cho 01 chá»§ nhÃ¢n may máº¯n nháº¥t sá»Ÿ há»¯u cÄƒn biá»‡t thá»± Le MÃ©ridien Residences Danang.
- Chá»§ nhÃ¢n Ä‘Æ°á»£c sá»Ÿ há»¯u 30 Ä‘Ãªm má»—i nÄƒm.",1657538936,,,,,,,,,,,,,,,
"11/07/2022, 18:27",133,Nguyá»…n Quá»‘c Phá»¥ng,Äáº¥t bÃ¡n,LÃ¢m Äá»“ng,TP. Báº£o Lá»™c,PhÆ°á»ng B'lao,"PhÆ°á»ng B'lao, TP. Báº£o Lá»™c, LÃ¢m Äá»“ng",2.61 tá»·,18 triá»‡u/mÂ²,15443,145 mÂ²,--,--,--,--,--,"ğŸ‘‰ğŸ»PhÃ¡p lÃ½ chuáº©n, Ä‘áº¥t thá»• cÆ°, sá»• há»“ng riÃªng cÃ´ng chá»©ng ngay.
ğŸ‘‰ğŸ»Diá»‡n tÃ­ch ná»n Ä‘a dáº¡ng: 100m2 - 125m2- 175m2 ( thá»• cÆ° cÃ³ sáºµn ).

ğŸ‘‰ğŸ»ÄÆ°á»ng ná»™i khu: Ä‘Æ°á»ng nhá»±a 6m, vá»‰a hÃ¨ 2m, sáºµn Ä‘Æ°á»ng Ä‘iá»‡n trÆ°á»›c Ä‘áº¥t.
ğŸ‘‰ğŸ»Tiá»‡n Ã­ch xung quanh: Chá»£, BÃ¡ch HÃ³a Xanh, CÃ¢y xÄƒng Petro, TT thÆ°Æ¡ng máº¡i, trÆ°á»ng há»c, bá»‡nh viá»‡n, TT hÃ nh chÃ­nh, 3 cÃ´ng viÃªn ná»™i khu 10.000 m2, nhÃ  vÄƒn hoÃ¡,..
ğŸ‘‰ğŸ»PhÃ¡p lÃ½: 100% sá»• há»“ng riÃªng, sá»Ÿ há»¯u lÃ¢u dÃ i.
------------------------------------
Táº I SAO PHáº¢I Äáº¦U TÆ¯ VÃ€O Lá»˜C AN ?
ğŸ‘‰ğŸ»SÃ¡t nháº­p vÃ o TP.Báº£o Lá»™c - Ä‘á»‹nh hÆ°á»›ng phÃ¡t triá»ƒn lÃªn thá»‹ tráº¥n- Lá»™c An thuá»™c 5 xÃ£ sáº½ sÃ¡t nháº­p vÃ o TP.Báº£o Lá»™c trong lá»™ trÃ¬nh má»Ÿ rá»™ng TP theo QÄ sá»‘: 1364/QÄ-UBND
ğŸ‘‰ğŸ»XÃ£ duy nháº¥t cÃ³ trá»¥c Quá»‘c Lá»™ 20 cáº¯t ngang vÃ  liá»n ká» Ä‘iá»ƒm ra cao tá»‘c- Lá»™c An lÃ  xÃ£ duy nháº¥t cá»§a Huyá»‡n Báº£o LÃ¢m cÃ³ trá»¥c Quá»‘c lá»™ 20 Ä‘i ngang (trá»¥c QL20 lÃ  trá»¥c huyáº¿t máº¡ch cá»§a LÃ¢m Äá»“ng) giao thÃ´ng di chuyá»ƒn thuáº­n lá»£i, thÃ¬ hÃ ng hoÃ¡ , kinh táº¿ phÃ¡t triá»ƒn theo.
ğŸ‘‰ğŸ»Lá»™c An thuá»™c khu quy hoáº¡ch cá»§a cÃ¡c chá»§ Ä‘áº§u tÆ° lá»›n kháº£o sÃ¡t Ä‘áº§u tÆ°

.",1657538821,,,,,,,,,,,,,,,
"11/07/2022, 18:26",1532,Kim PhÆ°Æ¡ng,NhÃ  riÃªng,TP. Há»“ ChÃ­ Minh,Quáº­n BÃ¬nh Tháº¡nh,PhÆ°á»ng 12,"NgÃ´ Äá»©c Káº¿, PhÆ°á»ng 12, Quáº­n BÃ¬nh Tháº¡nh, TP. Há»“ ChÃ­ Minh",4.4 tá»·,146.67 triá»‡u/mÂ²,15442,30 mÂ²,--,--,--,--,--,"- NhÃ  bÃ¡n NgÃ´ Äá»©c Káº¿, PhÆ°á»ng 12, Quáº­n BÃ¬nh Tháº¡nh. - DT: 3.4 x 9m, cÃ´ng nháº­n 28m2. - Thiáº¿t káº¿ Trá»‡t + 2 Láº§u. 2pn + 2wc. NhÃ  má»›i dá»n vÃ o á»Ÿ ngay. - Háº»m trÆ°á»›c nhÃ  3.5m xe hÆ¡i Ä‘áº­u cá»­a, khu an ninh, sáº¡ch sáº», thoÃ¡ng mÃ¡t,.. - NhÃ  hÆ°á»›ng TÃ¢y Nam. - BÃ¡n: 4 tá»· 400 triá»‡u (thÆ°Æ¡ng lÆ°á»£ng). - Kim PhÆ°Æ¡ng (zalo / Ä‘t) xem nhÃ .",1657538779,,,,,,,,,,,,,,,
"11/07/2022, 18:22",133,Nguyá»…n Quá»‘c Phá»¥ng,Äáº¥t bÃ¡n,LÃ¢m Äá»“ng,TP. Báº£o Lá»™c,PhÆ°á»ng B'lao,"PhÆ°á»ng B'lao, TP. Báº£o Lá»™c, LÃ¢m Äá»“ng",2.61 tá»·,18 triá»‡u/mÂ²,15441,145 mÂ²,--,--,--,--,--,"Tuyá»‡t tÃ¡c nghá»‰ dÆ°á»¡ng - Trá»Ÿ vá» Bâ€™Lao xÆ°a 
NÆ¡i mÃ  báº¡n Ä‘Æ°á»£c sá»‘ng cháº­m láº¡i, hÃ²a mÃ¬nh vÃ o thiÃªn nhiÃªn xanh mÃ¡t.
Náº±m ngay máº·t tiá»n Ä‘Æ°á»ng ÄoÃ n Thá»‹ Äiá»ƒm, gáº§n Trung tÃ¢m TP Báº£o Lá»™c vÃ  thuáº­n tiá»‡n cho viá»‡c Ä‘i láº¡i. 
ÄÆ°á»£c Ä‘áº§u tÆ° bÃ i báº£n vá» cáº£nh quan, há»©a háº¹n lÃ  Ä‘á»‹a Ä‘iá»ƒm check-in má»›i cho giá»›i tráº».
GiÃ¡ chá»‰ tá»« 1tá»·- 1tá»·4 
Diá»‡n tÃ­ch: 145 - 250m2
Háº¡ táº§ng hoÃ n hiá»‡n: Ä‘Æ°á»ng nhá»±a, Ä‘iá»‡n Ã¢m, Ä‘Ã¨n nÄƒng lÆ°á»£ng máº·t trá»i, giáº¿ng khoan,..
Tiá»‡n Ã­ch cáº£nh quan: quÃ¡n cÃ  phÃª check-in, nhÃ  RÃ´ng, nhÃ  Ä‘iá»u hÃ nh, sale gallery
Nháº­n giá»¯ chá»— Æ°u tiÃªn chá»n vá»‹ trÃ­ Ä‘áº¹p vÃ  nháº­n chiáº¿t kháº¥u ( 30tr/ná»n) cÃ³ hoÃ n láº¡i, cÃ³ sá»• nháº­n chuyá»ƒn cá»c.
---------------------------------------

.",1657538572,,,,,,,,,,,,,,,
"11/07/2022, 18:19",4106,ThÃ¢n TÃº,Äáº¥t bÃ¡n,TÃ¢y Ninh,Huyá»‡n DÆ°Æ¡ng Minh ChÃ¢u,XÃ£ Suá»‘i ÄÃ¡,"XÃ£ Suá»‘i ÄÃ¡, Huyá»‡n DÆ°Æ¡ng Minh ChÃ¢u, TÃ¢y Ninh",470 triá»‡u,2.35 triá»‡u/mÂ²,15440,200 mÂ²,--,--,--,--,--,"Káº¹t tiá»n bÃ¡n gáº¥p Ä‘áº¥t xÃ£ Suá»‘i Ä‘Ã¡ - DÆ°Æ¡ng Minh ChÃ¢u, TÃ¢y Ninh.
Loáº¡i Ä‘áº¥t: Äáº¥t trá»“ng cÃ¢y hÃ ng nÄƒm khÃ¡c, cÃ³ sá»• riÃªng tá»«ng ná»n.
Diá»‡n tÃ­ch: 5x40m = 200m2, view máº·t tiá»n kÃªnh thoÃ¡ng mÃ¡t, cÃ¡ch ÄT781 chá»‰ 500m, xe Ã´ tÃ´ vÃ o táº­n Ä‘áº¥t. ÄÆ°á»ng xe mÃ¡y thÃ´ng ra chá»£ Thá»‹ tráº¥n DÆ°Æ¡ng Minh ChÃ¢u vÃ  cÃ´ng viÃªn DÆ°Æ¡ng Minh ChÃ¢u.
Vá»‹ trÃ­ cáº­n ká» khu du lá»‹ch nÃºi BÃ  Äen vÃ  Há»“ Dáº§u Tiáº¿ng, mua Ä‘áº§u tÆ° ráº¥t cÃ³ lá»£i, tiá»m nÄƒng tÄƒng giÃ¡ cao. Khoáº£ng cÃ¡ch chá»‰ máº¥t 2,5 giá» lÃ¡i xe tá»« sÃ i gÃ²n Ä‘áº¿n vá»‹ trÃ­ Ä‘áº¥t.
GiÃ¡ bÃ¡n 470tr bao ra sá»•.
LiÃªn há»‡ gáº·p chÃ­nh chá»§ Ä‘á»ƒ biáº¿t thÃªm thÃ´ng tin.",1657538368,Sá»• há»“ng,"['CÃ´ng viÃªn', 'NhÃ  vÄƒn hÃ³a', 'Chá»£', 'Khu du lá»‹ch', 'Gáº§n sÃ´ng', 'Gáº§n suá»‘i', 'Gáº§n nÃºi']","['ÄÆ°á»ng tráº£i nhá»±a', 'ÄÆ°á»ng bÃª tÃ´ng']",,,,,,,,,,,,
"11/07/2022, 18:14",1535,LÃª Viá»‡t,NhÃ  riÃªng,TP. Há»“ ChÃ­ Minh,Quáº­n PhÃº Nhuáº­n,PhÆ°á»ng 12,"Huá»³nh VÄƒn BÃ¡nh, PhÆ°á»ng 12, Quáº­n PhÃº Nhuáº­n, TP. Há»“ ChÃ­ Minh",4.6 tá»·,131.43 triá»‡u/mÂ²,15439,35 mÂ²,--,--,--,--,--,"- NhÃ  Ä‘áº¹p Ä‘Æ°á»ng Huá»³nh VÄƒn BÃ¡nh, PhÆ°á»ng SÆ¡n Ká»³, Quáº­n PhÃº Nhuáº­n. - Háº»m 3m Gáº§n chá»£ PhÃº Nhuáº­n. DT 3.5m x 10m 1 trá»‡t, 1 láº§u Ä‘Ãºc tháº­t bÃª tÃ´ng cá»‘t thÃ©p, 1 phÃ²ng khÃ¡ch, 2 phÃ²ng ngá»§, 2WC, 1 hÃ²n non bá»™, 1 giáº¿ng trá»i, cáº§u thang Ä‘Ãºc Ä‘Ã¡ hoa cÆ°Æ¡ng. - Ná»™i tháº¥t Ä‘áº§y Ä‘á»§: 2 mÃ¡y láº¡nh, tá»§ láº¡nh, mÃ¡y giáº·t , tá»§ quáº§n Ã¡o, bÃ n gháº¿ sopha. - GiÃ¡ bÃ¡n 4.6 Tá»· cÃ²n bá»›t. - LiÃªn há»‡: LÃª Viá»‡t, Ä‘á»ƒ xem nhÃ .",1657538090,,,,,,,,,,,,,,,
"11/07/2022, 17:59",3657,ThÃºy Vy,NhÃ  riÃªng,TP. Há»“ ChÃ­ Minh,Quáº­n TÃ¢n PhÃº,PhÆ°á»ng SÆ¡n Ká»³,"LÃª Trá»ng Táº¥n, PhÆ°á»ng SÆ¡n Ká»³, Quáº­n TÃ¢n PhÃº, TP. Há»“ ChÃ­ Minh",4.4 tá»·,146.67 triá»‡u/mÂ²,15437,30 mÂ²,--,--,--,--,--,"- NhÃ  bÃ¡n LÃª Trá»ng Táº¥n, PhÆ°á»ng SÆ¡n Ká»³, Quáº­n TÃ¢n PhÃº. - DT: 3.4 x 9m, cÃ´ng nháº­n 28m2. - Thiáº¿t káº¿ Trá»‡t + 2 Láº§u. 2pn + 2wc. NhÃ  má»›i dá»n vÃ o á»Ÿ ngay. - Háº»m trÆ°á»›c nhÃ  3.5m xe hÆ¡i Ä‘áº­u cá»­a, khu an ninh, sáº¡ch sáº», thoÃ¡ng mÃ¡t,.. - NhÃ  hÆ°á»›ng TÃ¢y Nam. - BÃ¡n: 4 tá»· 400 triá»‡u (thÆ°Æ¡ng lÆ°á»£ng). - ThÃºy Vy (zalo / Ä‘t) xem nhÃ .",1657537193,,,,,,,,,,,,,,,
"11/07/2022, 17:41",3667,Tuáº¥n ThÃ nh,NhÃ  riÃªng,TP. Há»“ ChÃ­ Minh,Quáº­n TÃ¢n BÃ¬nh,PhÆ°á»ng 8,"Báº¯c Háº£i, PhÆ°á»ng 8, Quáº­n TÃ¢n BÃ¬nh, TP. Há»“ ChÃ­ Minh",9.5 tá»·,158.33 triá»‡u/mÂ²,15436,60 mÂ²,--,--,--,--,--,"BÃ¡n NhÃ  háº»m 4m Ä‘Æ°á»ng Báº¯c Háº£i, PhÆ°á»ng 8, Quáº­n TÃ¢n BÃ¬nh. - DT: 4.3m x 14m. Sá»• CN: 60m2. ÄÃºc 1 Trá»‡t + 1 Lá»­ng + 3 Láº§u. . - ÄÆ°á»ng 4m ThÃ´ng, xe hÆ¡i tá»›i cá»­a. Vá»‹ TrÃ­ DÃ¢n TrÃ­ cao, thÃ­ch há»£p gia Ä‘Ã¬nh Ä‘Ã´ng ngÆ°á»i. GiÃ¡: 9.5 Tá»· cÃ²n TL. LH: TrÆ°Æ¡ng ThÃ nh Xem nhÃ .",1657536074,,,,,,,,,,,,,,,
"11/07/2022, 17:22",4037,HoÃ ng ÄÃ¬nh An,CÄƒn há»™,Quáº£ng Nam,Thá»‹ xÃ£ Äiá»‡n BÃ n,PhÆ°á»ng Äiá»‡n DÆ°Æ¡ng,"Láº¡c  Long QuÃ¢n, PhÆ°á»ng Äiá»‡n DÆ°Æ¡ng, Thá»‹ xÃ£ Äiá»‡n BÃ n, Quáº£ng Nam",10.34 tá»·,94 triá»‡u/mÂ²,15289,110 mÂ²,--,--,ÄÃ´ng Báº¯c,5+,5+,"CÄƒn shoptel view biá»ƒn dá»± Ã¡n La Queenara Há»™i An, Dá»… x2 - 3 trong 1 - 2 nÄƒm tá»›i. ká» sÃ´ng cáº­n biá»ƒn' há»™i Ä‘Ã£ xong háº¡ táº§ng, vá»‘n chá»‰ tá»« 15% - sá»Ÿ há»¯u lÃ¢u dÃ I. Chá»‰ pháº£i vÃ o tiá»n 15% kÃ­ HÄMB. NgÃ¢n hÃ ng cho vay 70%, lÃ£i suáº¥t 0% trong 24 thÃ¡ng. Miá»…n phÃ­ dá»‹ch vá»¥ 2 nÄƒm. Táº·ng tháº» táº­p golf 1 nÄƒm táº¡i khu Ä‘Ã´ thá»‹. 100% cÃ¡c cÄƒn 2 máº·t tiá»n, cÃ³ bá»ƒ bÆ¡i, 100% sáº£n pháº©m 2 máº·t tiá»n, sÃ¢n vÆ°á»n trÆ°á»›c sau. Sáº£n pháº©m: + Shoptel 140m2 5 táº§ng 16 phÃ²ng. + Mini resort 100 - 110m2 4 táº§ng 8 phÃ²ng. + Shop Villas 240 - 280m2 3 táº§ng cÃ³ bá»ƒ bÆ¡i riÃªng. GiÃ¡ bÃ¡n: Tá»« 8.4 - 25 tá»·. CÃ´ng viÃªn, cÃ¢y xanh, há»‡ sinh thÃ¡i hoÃ n thiá»‡n. BÃ n giao nhÃ  dá»± kiáº¿n: QuÃ½ IV/2023. . Tá»•ng quan dá»± Ã¡n. . Chá»§ Ä‘áº§u tÆ°: CÃ´ng ty TNHH PhÃ¡t triá»ƒn ÄÃ´ thá»‹ Báº¯c Há»™i An. . Quy mÃ´ dá»± Ã¡n: 200ha - 100% Sáº£n pháº©m sá»Ÿ há»¯u lÃ¢u dÃ i . Vá»‹ trÃ­: Cáº­n biá»ƒn An BÃ ng, ká» sÃ´ng Cá»• CÃ², Liá»n sÃ¢n Golf. . Äá»§ phÃ¡p lÃ½: Chá»©ng nháº­n Ä‘áº§u tÆ°, sá»• Ä‘á» sá»Ÿ há»¯u lÃ¢u dÃ i, quy hoáº¡ch 1/500, giáº¥y phÃ©p xÃ¢y dá»±ng. . TÃ¢m Ä‘iá»ƒm Ä‘áº§u tÆ° BÄS nÄƒm 2022. . Vá»‹ trÃ­ Ä‘áº¯c Ä‘á»‹a '1 - 0 - 2' giÃ¡p sÃ´ng cáº­n biá»ƒn. . CÃ¡ch phá»‘ Cá»• Há»™i An chá»‰ 5 phÃºt, cÃ¡ch CÃ¹ Lao ChÃ m 10 phÃºt, cÃ¡ch Quá»‘c Lá»™ 1A chá»‰ 15 phÃºt, cÃ¡ch SÃ¢n bay Quá»‘c Táº¿ ÄÃ  Náºµng 25 phÃºt. Tiá»‡n Ã­ch chuáº©n 5* quá»‘c táº¿. SÃ¢n golf 18 lá»— - sÃ¢n táº­p golf, khÃ¡ch sáº¡n - Resort La Queenara 5*, Báº¿n du thuyá»n, Bá»‡nh viá»‡n Ä‘a khoa quá»‘c táº¿... Tiá»m nÄƒng tÄƒng giÃ¡ x2. Trá»¥c Ä‘Æ°á»ng tá»· Ä‘Ã´ káº¿t ná»‘i chuá»—i resort cao cáº¥p ÄÃ  Náºµng Há»™i An. Tá»« 30/3/2022 má»Ÿ cá»­a du lá»‹ch trÃªn toÃ n quá»‘c vá»›i khÃ¡ch quá»‘c táº¿ nhÆ° giai Ä‘oáº¡n trÆ°á»›c dá»‹ch, du lá»‹ch ÄÃ  Náºµng vÃ  Há»™i An Ä‘Æ°á»£c há»“i phá»¥c máº¡nh máº½ tá»« 2022. CÃ¡c sá»± kiá»‡n quá»‘c táº¿ lá»›n sáº½ liÃªn tá»¥c Ä‘Æ°á»£c tá»• chá»©c trong 2022: - ÄÃ  Náºµng tá»• chá»©c diá»…n Ä‘Ã n phÃ¡t triá»ƒn Ä‘Æ°á»ng bay ChÃ¢u Ã. - Quáº£ng Nam Ä‘Äƒng cai nÄƒm du lá»‹ch quá»‘c gia.",1657514173,Sá»• Ä‘á»,"['CÃ´ng viÃªn', 'Há»“ bÆ¡i', 'SiÃªu thá»‹ mini', 'Chá»— Ä‘áº­u Ã´ tÃ´', 'T.T thÆ°Æ¡ng máº¡i', 'NhÃ  thiáº¿u nhi', 'NhÃ  vÄƒn hÃ³a', 'NhÃ  hÃ¡t', 'Ráº¡p chiáº¿u phim', 'TrÆ°á»ng máº§m non', 'TrÆ°á»ng cáº¥p 1', 'TrÆ°á»ng cáº¥p 2', 'TrÆ°á»ng cáº¥p 3', 'TrÆ°á»ng Äáº¡i há»c', 'Chá»£', 'SiÃªu thá»‹', 'Khu du lá»‹ch', 'Khu cÃ´ng nghiá»‡p', 'SÃ¢n bay', 'Gáº§n sÃ´ng', 'Gáº§n biá»ƒn', 'Khu dÃ¢n cÆ°', 'Cao tá»‘c', 'Bá»‡nh viá»‡n']",,Máº·t tiá»n,ÄÃ´ng Báº¯c,2021,NhÃ  trá»‘ng,ChÆ°a sá»­ dá»¥ng,"['Chá»— Ä‘á»ƒ Ã´ tÃ´', 'CÃ´ng viÃªn', 'Há»“ bÆ¡i chung', 'Ban cÃ´ng riÃªng', 'SiÃªu thá»‹ mini', 'T.T thÆ°Æ¡ng máº¡i', 'P. sinh hoáº¡t chung', 'PhÃ²ng táº­p gym', 'SÃ¢n chÆ¡i tráº» em', 'SÃ¢n nÆ°á»›ng BBQ', 'NhÃ  hÃ ng', 'CÃ  phÃª']",['ThÃ¢n thiá»‡n'],"['Báº£o vá»‡ 24/24', 'Carmera an ninh']",,,,
"11/07/2022, 17:22",2945,Nguyen Minh Tien,Äáº¥t bÃ¡n,Quáº£ng Trá»‹,Huyá»‡n Cam Lá»™,XÃ£ Cam ThÃ nh,"XÃ£ Cam ThÃ nh, Huyá»‡n Cam Lá»™, Quáº£ng Trá»‹",490 triá»‡u,4.45 triá»‡u/mÂ²,15433,110 mÂ²,5 m,23 m,--,--,--," Tiáº¿p Tá»¥c Ra Cho KhÃ¡ch HÃ ng Dá»° ÃN 23 Ná»€N F0 
CAM THÃ€NH - CAM Lá»˜
 4xx Triá»‡u/LÃ´ 
 ÄÆ°á»ng thÃ´ng thoÃ¡ng , khu bÃ n cá» ná»‘i nhau.
- Diá»‡n tÃ­ch: 110m2 - 190m2
- ÄÆ°á»ng BÃª tÃ´ng oto
- Háº¡ táº§ng vÃ  tiá»‡n Ã­ch xung quanh báº¯t Ä‘áº§u phÃ¡t triá»ƒn .
5 Em TIáº¾N chuyÃªn Ä‘áº¥t HUáº¾ - QUáº¢NG TRá»Š.",1657534935,Sá»• há»“ng,,,,,,,,,,,5 m,,,
"11/07/2022, 17:14",3940,Tráº§n ToÃ n,NhÃ  riÃªng,TP. Há»“ ChÃ­ Minh,TP. Thá»§ Äá»©c,PhÆ°á»ng TÄƒng NhÆ¡n PhÃº A,"LÃª VÄƒn Viá»‡t, PhÆ°á»ng TÄƒng NhÆ¡n PhÃº A, TP. Thá»§ Äá»©c, TP. Há»“ ChÃ­ Minh",5.2 tá»·,69.33 triá»‡u/mÂ²,15432,75 mÂ²,19 m,4 m,--,4,4,"Cáº§n bÃ¡n gáº¥p nhÃ  4táº§ng, LÃª VÄƒn Viá»‡t Q9,giÃ¡ 5,2tá»· , háº»m Ã´ tÃ´ 6m,75m2. +Diá»‡n tÃ­ch sá»• cÃ´ng nháº­n 75m2.(4 rá»™ng x19 dÃ i). +NhÃ  káº¿t cáº¥u bÃª tÃ´ng cá»‘t thÃ©p,xÃ¢y dá»±ng tÃ¢m huyáº¿t. + SÃ¢n thÆ°á»£ng trÆ°á»›c sau.thiáº¿t káº¿ Ä‘áº³ng cáº¥p. + CÄƒn nhÃ  á»Ÿ vá»‹ trÃ­ ráº¥t Ä‘áº¹p,cao rÃ¡o thoÃ¡ng mÃ¡t. +Háº»m rá»™ng 6m,oto Ä‘á»— trÆ°á»›c nhÃ . +Háº»m thÃ´ng ra LÃª VÄƒn Viá»‡t,LÃƒ XuÃ¢n Oai;gáº§n trÆ°á»ng Ä‘áº¡i há»c giao thÃ´ng váº­n táº£i,trÆ°á»ng há»c cÃ¡c cáº¥p,siÃªu thá»‹ ngÃ¢n hÃ ng,UBND phÆ°á»ng. + Khu dÃ¢n cÆ° sáº§m uáº¥t,dÃ¢n trÃ­ cao. + NhÃ  4 táº§ng láº§u ,4 phÃ²ng ngá»§ wc khÃ©p kÃ­n. + Sá»• há»“ng cÃ´ng chá»©ng ngay trong ngÃ y. + Xin liÃªn há»‡ Ä‘á»ƒ xem nhÃ  miá»…n phÃ­.",1657534447,Sá»• há»“ng,,['ÄÆ°á»ng tráº£i nhá»±a'],Háº»m,,,Äang á»Ÿ,ÄÃ£ qua sá»­ dá»¥ng,,"['ThÃ¢n thiá»‡n', 'TrÃ­ thá»©c']",,6 m,4,NhÃ  cáº¥p 2,
"11/07/2022, 17:11",2756,Mr. Äan,Äáº¥t bÃ¡n,Äá»“ng Nai,Huyá»‡n Cáº©m Má»¹,XÃ£ XuÃ¢n ÄÃ´ng,"XÃ£ XuÃ¢n ÄÃ´ng, Huyá»‡n Cáº©m Má»¹, Äá»“ng Nai",1.67 tá»·,1.4 triá»‡u/mÂ²,15431,1194 mÂ²,--,--,--,--,--,"+ DT 1194m2 (15x75m), Ä‘áº¥t á»Ÿ khu dÃ¢n cÆ° hiá»‡n há»¯u. + CÃ¡ch DT765 500m, Ä‘i sÃ¢n bay Long ThÃ nh chá»‰ 30 phÃºt. + Vá»‹ trÃ­ Ä‘áº¹p náº±m ngay khu trung tÃ¢m, kinh táº¿ phÃ¡t triá»ƒn máº¡nh. + Äi vá» SÃ i GÃ²n chá»‰ 2 trá»¥c tháº³ng, tÆ°Æ¡ng lai lÃªn Ä‘Ã´ thá»‹. + Sá»• há»“ng riÃªng, xin thá»• cÆ° xÃ¢y nhÃ  dá»… dÃ ng. + GiÃ¡ chá»‰ 1.4tr/m2, gá»i em Äan xem Ä‘áº¥t.",1657534297,Sá»• há»“ng,,,Máº·t tiá»n,,,,,,,,,,,
"11/07/2022, 17:08",1764,Anh Tuáº¥n,Äáº¥t bÃ¡n,TP. HÃ  Ná»™i,Quáº­n Long BiÃªn,PhÆ°á»ng Tháº¡ch BÃ n,"ÄÆ°á»ng Ngá»c TrÃ¬, PhÆ°á»ng Tháº¡ch BÃ n, Quáº­n Long BiÃªn, TP. HÃ  Ná»™i",5.4 tá»·,54 triá»‡u/mÂ²,15430,100 mÂ²,20 m,4.99 m,Báº¯c,--,--,"ChÃ­nh chá»§ bÃ¡n máº£nh Ä‘áº¥t rá»™ng 104m2 á»Ÿ ngÃµ 136 phá»‘ ngá»c trÃ¬, PhÆ°á»ng Tháº¡ch bÃ n gáº§n AEON Long biÃªn vÃ  cáº§u vÄ©nh tuy. Máº£nh Ä‘áº¥t cÃ³ máº·t tiá»n 5m, vuÃ´ng váº¯n, Ã´ tÃ´ vÃ o táº­n nÆ¡i, sá»• Ä‘á» chÃ­nh chá»§, Ä‘áº¥t thá»• cÆ°, khÃ´ng tranh cháº¥p, giÃ¡ bÃ¡n 54tr/1m2 cÃ³ thÆ°Æ¡ng lÆ°á»£ng. LiÃªn há»‡ chÃ­nh chá»§ miá»…n trung gian: Tuáº¥n Anh.",1657534108,Sá»• Ä‘á»,,,,,,,,,,,8 m,,,
"11/07/2022, 17:08",2600,ThÃ¡i Nghiá»‡p,NhÃ  riÃªng,TP. HÃ  Ná»™i,Quáº­n Hai BÃ  TrÆ°ng,PhÆ°á»ng Minh Khai,"Phá»‘ Minh Khai, PhÆ°á»ng Minh Khai, Quáº­n Hai BÃ  TrÆ°ng, TP. HÃ  Ná»™i",6 tá»·,166.67 triá»‡u/mÂ²,15429,36 mÂ²,15 m,4.2 m,Báº¯c,3,3,"BÃ¡n nhÃ  phá»‘ Minh Khai gáº§n TimeCity. Kinh doanh báº¥t cháº¥p, GÃ­a chÃ o 6 tá»·
+ Diá»‡n tÃ­ch 36mÃ—5T, MT 4.2
+ Tá»•ng 3PN rá»™ng vá»‡ sinh khÃ©p kÃ­n
+ Máº·t tiá»n rá»™ng ráº¥t lá»£i tháº¿
+ Sá»• Ä‘á» vuÃ´ng Ä‘áº¹p, giao dá»‹ch ngay
LÃ½ thuyáº¿t Ã” TÃ´ vÃ o nhÃ 
CÃ¡ch máº·t phá»‘ Minh Khai 80m. Khu dÃ¢n cÆ° Ä‘Ã´ng Ä‘Ãºc, hiá»‡n há»¯u, xung quanh Ä‘ua nhau bÃ¡n má»i máº·t hÃ ng
SÃ¡ng cháº¡y bá»™ TimeCity, chiá»u táº­p Gym California...NÃ³ng quÃ¡ ra SÃ´ng Há»“ng nháº£y cáº§u. LH. Mr Nghiá»‡p ( Äá»™c tÃ´n thá»• cÆ° HÃ  Ná»™i ).",1657534090,Sá»• Ä‘á»,"['SiÃªu thá»‹ mini', 'T.T thÆ°Æ¡ng máº¡i', 'NhÃ  thiáº¿u nhi', 'NhÃ  vÄƒn hÃ³a', 'SÃ¢n váº­n Ä‘á»™ng', 'TrÆ°á»ng máº§m non', 'TrÆ°á»ng cáº¥p 1', 'TrÆ°á»ng cáº¥p 2', 'TrÆ°á»ng cáº¥p 3', 'TrÆ°á»ng Äáº¡i há»c', 'Chá»£', 'SiÃªu thá»‹', 'Khu du lá»‹ch', 'Khu cÃ´ng nghiá»‡p']","['ÄÆ°á»ng tráº£i nhá»±a', 'ÄÆ°á»ng bÃª tÃ´ng']",Háº»m,,,NhÃ  trá»‘ng,ChÆ°a sá»­ dá»¥ng,,"['ThÃ¢n thiá»‡n', 'TrÃ­ thá»©c']",,3 m,5+,NhÃ  cáº¥p 1,"['Ká»‡ TV', 'Tá»§ trang trÃ­', 'BÃ n gháº¿ P.KhÃ¡ch', 'GiÆ°á»ng ngá»§', 'BÃ n pháº¥n', 'Tá»§ quáº§n Ã¡o', 'Tá»§ báº¿p', 'BÃ n Äƒn', 'MÃ¡y hÃºt mÃ¹i', 'BÃ¬nh nÃ³ng láº¡nh', 'Bá»“n táº¯m', 'VÃ²i hoa sen', 'Bá»“n rá»­a máº·t']"
"11/07/2022, 17:04",4101,Tráº§n Thanh NhÃ n,CÄƒn há»™,BÃ¬nh Äá»‹nh,TP. Qui NhÆ¡n,PhÆ°á»ng Ghá»nh RÃ¡ng,"Quá»‘c lá»™ 1D, PhÆ°á»ng Ghá»nh RÃ¡ng, TP. Qui NhÆ¡n, BÃ¬nh Äá»‹nh",1.4 tá»·,28 triá»‡u/mÂ²,15428,50 mÂ²,--,--,--,2,1,"[CÄƒn Há»™ SÃ¢n VÆ°á»n Äáº§u TiÃªn Táº¡i ThÃ nh Phá»‘ Quy NhÆ¡n]. Chá»‰ tá»« [300 Triá»‡u Äá»“ng] sá»Ÿ há»¯u ngay cÄƒn há»™ 2 phÃ²ng ngá»§. NgÃ¢n hÃ ng PVcombank há»— trá»£ vay lÃªn Ä‘áº¿n 80% giÃ¡ trá»‹ cÄƒn há»™ (Ä‘Æ°á»£c Ã¢n háº¡n ná»£ & lÃ£i suáº¥t lÃªn Ä‘áº¿n 12 thÃ¡ng. TÃªn dá»± Ã¡n: Calla Apartment Quy NhÆ¡n. Chá»§ Ä‘áº§u tÆ°: CÃ´ng ty Cá»• pháº§n Ä‘áº§u tÆ° phÃ¡t triá»ƒn Armo. Vá»‹ trÃ­ dá»± Ã¡n: Khu Ä‘Ã´ thá»‹ xanh VÅ©ng Chua thuá»™c phÆ°á»ng Ghá»nh RÃ¡ng, thÃ nh phá»‘ Quy NhÆ¡n, tá»‰nh BÃ¬nh Äá»‹nh. (Sau lÆ°ng siÃªu thá»‹ Big C). - Diá»‡n tÃ­ch khu Ä‘áº¥t: 3.067 m2. - Máº­t Ä‘á»™ xÃ¢y dá»±ng: Khá»‘i Ä‘áº¿ 68%; Khá»‘i thÃ¡p 42%. - Sá»‘ táº§ng ná»•i: 29 táº§ng ná»•i. - Sá»‘ táº§ng háº§m: 1 táº§ng háº§m trÃ n khu Ä‘áº¥t. - Sá»‘ lÆ°á»£ng cÄƒn há»™: 454 cÄƒn há»™ + 13 cÄƒn shophouse thÆ°Æ¡ng máº¡i. - Diá»‡n tÃ­ch cÄƒn 1PN: 41 mÂ². - Diá»‡n tÃ­ch cÄƒn 2PN: 51 mÂ² â€“ 69 mÂ². - Diá»‡n tÃ­ch cÄƒn 3PN: 87 mÂ². PhÃ¡p lÃ½: Sá»• há»“ng, sá»Ÿ há»¯u lÃ¢u dÃ i.",1657533886,Sá»• há»“ng,"['CÃ´ng viÃªn', 'Há»“ bÆ¡i', 'Chá»— Ä‘áº­u Ã´ tÃ´', 'T.T thÆ°Æ¡ng máº¡i', 'Ráº¡p chiáº¿u phim', 'TrÆ°á»ng máº§m non', 'TrÆ°á»ng cáº¥p 1', 'TrÆ°á»ng cáº¥p 2', 'TrÆ°á»ng cáº¥p 3', 'TrÆ°á»ng Äáº¡i há»c', 'Chá»£', 'SiÃªu thá»‹', 'Khu du lá»‹ch', 'Bá»‡nh viá»‡n']",,Máº·t tiá»n,,,,ChÆ°a sá»­ dá»¥ng,"['Chá»— Ä‘á»ƒ Ã´ tÃ´', 'Háº§m Ä‘á»ƒ xe', 'CÃ´ng viÃªn', 'Há»“ bÆ¡i chung', 'Ban cÃ´ng riÃªng', 'SiÃªu thá»‹ mini', 'T.T thÆ°Æ¡ng máº¡i', 'P. sinh hoáº¡t chung', 'PhÃ²ng táº­p gym', 'SÃ¢n chÆ¡i tráº» em', 'NhÃ  hÃ ng', 'CÃ  phÃª']",,"['Báº£o vá»‡ 24/24', 'Carmera an ninh']",,,,['VÃ²i hoa sen']
"11/07/2022, 17:04",2181,Pháº¡m Trung Äá»©c,CÄƒn há»™,BÃ  Rá»‹a - VÅ©ng TÃ u,TP. VÅ©ng TÃ u,PhÆ°á»ng 2,"300 Phan Chu Trinh , PhÆ°á»ng 2, TP. VÅ©ng TÃ u, BÃ  Rá»‹a - VÅ©ng TÃ u",2.45 tá»·,70 triá»‡u/mÂ²,15427,35 mÂ²,--,--,--,1,1,"CÄ‚N Há»˜ â€œ6 SAOâ€ CAO Cáº¤P NHáº¤T VÅ¨NG TÃ€U. - Vá»‹ trÃ­: 300 Phan Chu Trinh, P.2, VÅ©ng TÃ u. - Diá»‡n tÃ­ch gáº§n 11.578 m2 . - Sá»‘ lÆ°á»£ng cÃ³ háº¡n : 800 cÄƒn . - Gáº«n bÃ£i sau ThÃ¹y VÃ¢n , cÃ¡ch biá»ƒn 100m , trung tÃ¢m TP.VÅ©ng TÃ u. - Thiáº¿t káº¿ tá»•ng quan ná»™i tháº¥t 5 sao. - Tiá»‡n Ã­ch dá»‹ch vá»¥ ná»™i khu cao cáº¥p. - Há»“ bÆ¡i trÃ n bá» view tháº³ng biá»ƒn. - Cam káº¿t váº­n hÃ nh vÃ  cam káº¿t thuÃª láº¡i cá»§a Ä‘Æ¡n vá»‹ váº­n hÃ nh quá»‘c táº¿ 'CENTARA'. - Äáº·c biá»‡t vá»›i chÃ­nh sÃ¡ch trao Ä‘á»•i ká»³ nghá»‰ giá»¯a cÃ¡c dá»± Ã¡n cá»§a HÆ°ng Thá»‹nh. *** CÆ¡ há»™i Ä‘áº§u tÆ° sinh lá»i tá»« VÅ©ng TÃ u Central Beach ***. - Booking giá»¯ chá»— 100tr/suáº¥t.",1657533858,Há»£p Ä‘á»“ng mua bÃ¡n,,,Máº·t tiá»n,,,,,,,,,,,
"11/07/2022, 17:01",2600,ThÃ¡i Nghiá»‡p,NhÃ  riÃªng,TP. HÃ  Ná»™i,Quáº­n Hai BÃ  TrÆ°ng,PhÆ°á»ng VÄ©nh Tuy,"Phá»‘ YÃªn Láº¡c, PhÆ°á»ng VÄ©nh Tuy, Quáº­n Hai BÃ  TrÆ°ng, TP. HÃ  Ná»™i",8.5 tá»·,180.85 triá»‡u/mÂ²,12648,47 mÂ²,12 m,4 m,--,4,4,"Cáº§n sang nhÆ°á»£ng láº¡i nhÃ  Phá»‘ YÃŠN Láº C - KIM NGÆ¯U ngÃµ thÃ´ng KINH DOANH - Ã” TÃ” . NhÃ  náº±m cÃ¡ch phá»‘ Kim NgÆ°u 20m, xÃ¢y má»›i, chá»§ nhÃ  xÃ¢y dá»±ng cháº¯c cháº¯n, hiá»‡n Ä‘áº¡i, thiáº¿t bá»‹ vá»‡ sinh inox cao cáº¥p tay vá»‹n cáº§u thang lÃ m báº±ng gá»—. Diá»‡n tÃ­ch 47m thá»±c táº¿ 52m, xÃ¢y 5T, MT4m. Thiáº¿t káº¿. Táº§ng 1: PK + Báº¿p + WC. Táº§ng 2,3,4: Má»—i táº§ng 2PN vá»‡ sinh khÃ©p kÃ­n. Táº§ng 5 : PhÃ²ng thá» + SÃ¢n PhÆ¡i. Gáº§n khu cÄƒn há»™ cao cáº¥p HIDONE ( Nháº­t Báº£n). CÃ¡ch TimeCity 1km. DÃ¢n trÃ­ cao, khu phÃ¢n lÃ´ QuÃ¢n Ä‘á»™i nÃªn ráº¥t yÃªn tÃ¢m sinh sá»‘ng. Sá»” Äá» VUÃ”NG Äáº¸P GD NGAY. LH ngay Ä‘á»ƒ cÃ³ thÃªm thÃ´ng tin vÃ  xem nhÃ  miá»…n phÃ­.",1656579053,Sá»• Ä‘á»,"['CÃ´ng viÃªn', 'Há»“ bÆ¡i', 'SiÃªu thá»‹ mini', 'Chá»— Ä‘áº­u Ã´ tÃ´', 'T.T thÆ°Æ¡ng máº¡i', 'NhÃ  thiáº¿u nhi', 'NhÃ  vÄƒn hÃ³a', 'TrÆ°á»ng máº§m non', 'TrÆ°á»ng cáº¥p 1', 'TrÆ°á»ng cáº¥p 2', 'TrÆ°á»ng cáº¥p 3', 'TrÆ°á»ng Äáº¡i há»c', 'Chá»£', 'SiÃªu thá»‹']",['ÄÆ°á»ng tráº£i nhá»±a'],Háº»m,,,NhÃ  trá»‘ng,ChÆ°a sá»­ dá»¥ng,,['ThÃ¢n thiá»‡n'],,4 m,5+,Biá»‡t thá»±,"['Ká»‡ TV', 'Tá»§ trang trÃ­', 'BÃ n gháº¿ P.KhÃ¡ch', 'GiÆ°á»ng ngá»§', 'BÃ n pháº¥n', 'Tá»§ quáº§n Ã¡o', 'Tá»§ báº¿p', 'BÃ n Äƒn', 'BÃ¬nh nÃ³ng láº¡nh', 'Bá»“n táº¯m', 'VÃ²i hoa sen', 'Bá»“n rá»­a máº·t', 'MÃ¡y giáº·t', 'MÃ¡y rá»­a chÃ©n', 'DÃ n Karaoke', 'Tivi', 'Tá»§ láº¡nh']"
"11/07/2022, 17:01",2600,ThÃ¡i Nghiá»‡p,NhÃ  riÃªng,TP. HÃ  Ná»™i,Quáº­n Hai BÃ  TrÆ°ng,PhÆ°á»ng TrÆ°Æ¡ng Äá»‹nh,"ÄÆ°á»ng TrÆ°Æ¡ng Äá»‹nh, PhÆ°á»ng TrÆ°Æ¡ng Äá»‹nh, Quáº­n Hai BÃ  TrÆ°ng, TP. HÃ  Ná»™i",13.5 tá»·,313.95 triá»‡u/mÂ²,15146,43 mÂ²,13 m,4 m,ÄÃ´ng Nam,4,4,"Cáº§n bÃ¡n nhÃ  Máº¶T PHá» TrÆ°Æ¡ng Äá»‹nh KINH DOANH má»i máº·t hÃ ng. CÃ³ thang mÃ¡y
+ Diá»‡n tÃ­ch 45mÃ—5T
+ MT 3.5m
+ GiÃ¡ bÃ¡n gáº¥p 13.5 Tá»·
Thiáº¿t káº¿ thÃ´ng sÃ n má»—i táº§ng 1 phÃ²ng, cÃ¡c sÃ n Ä‘á»u lÃ¡t gá»— vá»‡ sinh khÃ©p kÃ­n
Táº§ng 5 chá»§ táº¡o sÃ¢n chÆ¡i riÃªng káº¿t há»£p ngáº¯m cáº£nh cafe má»—i sÃ¡ng
Sá»” Äá» Cá»°C Äáº¸P PHÃP LÃ RÃ• RÃ€NG. LH. Mr NghiÃªp ( Äá»™c tÃ´n thá»• cÆ° Hai BÃ  TrÆ°ng.",1657438882,Sá»• Ä‘á»,"['SiÃªu thá»‹ mini', 'Chá»— Ä‘áº­u Ã´ tÃ´', 'T.T thÆ°Æ¡ng máº¡i', 'TrÆ°á»ng máº§m non', 'TrÆ°á»ng cáº¥p 1', 'TrÆ°á»ng cáº¥p 2', 'TrÆ°á»ng cáº¥p 3', 'TrÆ°á»ng Äáº¡i há»c', 'Chá»£', 'SiÃªu thá»‹']","['ÄÆ°á»ng tráº£i nhá»±a', 'ÄÆ°á»ng bÃª tÃ´ng']",Máº·t tiá»n,,,NhÃ  trá»‘ng,ChÆ°a sá»­ dá»¥ng,,"['ThÃ¢n thiá»‡n', 'TrÃ­ thá»©c']",,15 m,,NhÃ  cáº¥p 1,"['Ká»‡ TV', 'Tá»§ trang trÃ­', 'BÃ n gháº¿ P.KhÃ¡ch', 'GiÆ°á»ng ngá»§', 'BÃ n pháº¥n', 'Tá»§ quáº§n Ã¡o', 'BÃ n Äƒn', 'MÃ¡y hÃºt mÃ¹i', 'BÃ¬nh nÃ³ng láº¡nh', 'Bá»“n táº¯m', 'VÃ²i hoa sen', 'Bá»“n rá»­a máº·t', 'MÃ¡y láº¡nh']"
"11/07/2022, 16:58",3803,Nguyá»…n Thá»‹ Ngá»c NhiÃªn,Äáº¥t bÃ¡n,LÃ¢m Äá»“ng,TP. Báº£o Lá»™c,XÃ£ Lá»™c Nga,"QL 20, XÃ£ Lá»™c Nga, TP. Báº£o Lá»™c, LÃ¢m Äá»“ng",1.4 tá»·,11.2 triá»‡u/mÂ²,15424,125 mÂ²,25 m,4.99 m,--,--,--,"_ Vá»‹ trÃ­: Máº·t Ä‘Æ°á»ng LiÃªn XÃ£, Báº£o LÃ¢m,TP Báº£o Lá»™c tá»‰nh LÃ¢m Äá»“ng. (CÃ¡ch nÃºt giao cao tá»‘c Dáº§u GiÃ¢y â€“ LiÃªn KhÆ°Æ¡ng 4km). Tiá»‡n Ã­ch xung quanh, khu dÃ¢n cÆ° hiá»‡n há»¯u : Gáº§n chá»£, trÆ°á»ng máº§m non, trÆ°á»ng há»c, tráº¡m xÃ¡, chá»‰ 5 phÃºt cháº¡y xe. - DT 100m2 (5*20). - DT 125m2 (5*25). - DT 175m2 (7*25). PhÃ¡p lÃ½ chuáº©n, thá»• cÆ° cÃ³ sáºµn, sá»• há»“ng riÃªng cÃ´ng chá»©ng ngay. _ Loáº¡i sáº£n pháº©m: Äáº¥t ná»n, NghÄ© dÆ°á»¡ng, Dinh Thá»±, Biá»‡t thá»±, . _ XÃ¢y dá»±ng tá»± do. _ CÃ¡ch trung tÃ¢m TP.Báº£o Lá»™c tá»« 10 phÃºt. _ Gáº§n cÃ¡c khu du lá»‹ch ná»•i tiáº¿ng vÃ  khu Ä‘áº¥t cá»§a cÃ¡c táº­p Ä‘oÃ n lá»›n: KDL Há»“ Cai Báº£ng , Fuji Village Homestay, há»“ Äáº¯kle, Novaland,..... LiÃªn há»‡ em NhiÃªn Ä‘á»ƒ Ä‘Æ°á»£c há»— trá»£ xem dá»± Ã¡n: .",1657533521,Sá»• Ä‘á»,,,,,,,,,,,,,,
"11/07/2022, 16:57",3626,ÄÄƒÌ£ng Vy,CÄƒn há»™,TP. Há»“ ChÃ­ Minh,TP. Thá»§ Äá»©c,PhÆ°á»ng Long TrÆ°á»ng,"PhÆ°á»ng Long TrÆ°á»ng, TP. Thá»§ Äá»©c, TP. Há»“ ChÃ­ Minh",2.46 tá»·,39 triá»‡u/mÂ²,15423,63 mÂ²,--,--,--,--,--,"- TÃªn dá»± Ã¡n: MT EASTMARK CITY. - Vá»‹ trÃ­ cÄƒn há»™: VÃ nh Äai 3, PhÆ°á»ng Long TrÆ°á»ng, TP. Thá»§ Äá»©c. - Chá»§ Ä‘áº§u tÆ°: CÃ´ng ty TNHH vÃ  KD nhÃ  Äiá»n PhÃºc ThÃ nh. - PhÃ¡t triá»ƒn dá»± Ã¡n: Rio Land. - ÄÆ¡n vá»‹ xÃ¢y dá»±ng: PhÆ°á»›c ThÃ nh hoáº·c HoÃ  BÃ¬nh (dá»± kiáº¿n). - Quy mÃ´ dá»± Ã¡n:149.391,7 m2. - Diá»‡n tÃ­ch Ä‘áº¥t: 29.154m2. - Diá»‡n tÃ­ch xÃ¢y dá»±ng cÃ´ng trÃ¬nh: 11.666.7m2. - Diá»‡n tÃ­ch Ä‘áº¥t cÃ¢y xanh vÆ°á»n hoa: 6.321.0 m2. - Diá»‡n tÃ­ch Ä‘áº¥t giao thÃ´ng sÃ¢n bÃ£i: 11.175m2. - Tá»•ng sá»‘ táº§ng cÄƒn há»™ má»—i toÃ : Tá»‘i Ä‘a 22 táº§ng.",1657533478,,,,,,,,,,,,,,,
"11/07/2022, 16:56",3887,Minh Káº¿t,NhÃ  riÃªng,TP. Há»“ ChÃ­ Minh,Quáº­n 10,PhÆ°á»ng 6,"VÄ©nh Viá»…n, PhÆ°á»ng 6, Quáº­n 10, TP. Há»“ ChÃ­ Minh",15.5 tá»·,474.01 triá»‡u/mÂ²,15422,32.7 mÂ²,11 m,3.5 m,TÃ¢y Báº¯c,3,3,"BÃ¡n nhÃ  máº·t tiá»n, cÄƒn ms: 5640, Ä‘Æ°á»ng VÄ©nh Viá»…n, P.6, Q.10, TP.HCM. GÃ­a 15,5 tá»·. . HÆ¯á»šNG: TÃ¢y Báº¯c. . DT: 3.5m x 11m (vuÃ´ng vá»©t), cÃ´ng nháº­n: 32.7m2. . Káº¾T Cáº¤U: 1 trá»‡t, 2 láº§u, sÃ¢n thÆ°á»£ng. . PHÃP LÃ: cÃ³ sá»• há»“ng. . Vá»Š TRÃ: gáº§n khu chá»£ Ä‘iá»‡n tá»­ Nháº­t Táº£o, quáº­n 10. . GIÃ: 15.5 tá»· (cÃ³ thÆ°Æ¡ng lÆ°á»£ng). THÃ”NG TIN LIÃŠN Há»†:. SÄT/ ZALO: â€“ MINH Káº¾T.",1657533404,Sá»• há»“ng,"['CÃ´ng viÃªn', 'SiÃªu thá»‹ mini', 'Chá»— Ä‘áº­u Ã´ tÃ´', 'T.T thÆ°Æ¡ng máº¡i', 'SÃ¢n váº­n Ä‘á»™ng', 'TrÆ°á»ng máº§m non', 'TrÆ°á»ng cáº¥p 1', 'TrÆ°á»ng cáº¥p 2', 'TrÆ°á»ng cáº¥p 3', 'TrÆ°á»ng Äáº¡i há»c', 'Chá»£', 'SiÃªu thá»‹', 'Khu dÃ¢n cÆ°', 'Bá»‡nh viá»‡n']",['ÄÆ°á»ng tráº£i nhá»±a'],Máº·t tiá»n,,,NhÃ  trá»‘ng,ÄÃ£ qua sá»­ dá»¥ng,,,['Carmera an ninh'],10 m,4,NhÃ  cáº¥p 3,
"11/07/2022, 16:54",4102,LÆ°Æ¡ng Thá»‹ Sang,Äáº¥t bÃ¡n,Báº¯c Giang,Huyá»‡n Lá»¥c Nam,XÃ£ YÃªn SÆ¡n,"293, XÃ£ YÃªn SÆ¡n, Huyá»‡n Lá»¥c Nam, Báº¯c Giang",980 triá»‡u,9.51 triá»‡u/mÂ²,15420,103 mÂ²,20 m,5 m,ÄÃ´ng Nam,--,--,"YÃªn sÆ¡n lá»¥c nam. diá»‡n tÃ­ch;103m3 máº·t tiá»n 5m. CÃ¡ch khoáº£ng 30m ra khu Ä‘Ã´ thá»‹ dá»‹ch vá»¥ báº¯c lÅ©ng,vÃ nh Ä‘ai 5. Khoáº£ng 400m lÃ  cá»¥m cÃ´ng nghiá»‡p vÅ© xÃ¡ vÃ  khu cÃ´ngnghiá»‡p yÃªn sÆ¡n. VÃ nh Ä‘ai 5 sáº½ khá»Ÿi cÃ´ng trong quÃ½ 3 nÄƒm 2022.",1657533298,Sá»• há»“ng,['Khu cÃ´ng nghiá»‡p'],['ÄÆ°á»ng bÃª tÃ´ng'],,,,,,,,,3 m,,,
"11/07/2022, 16:53",2620,Thaico,NhÃ  riÃªng,TP. HÃ  Ná»™i,Quáº­n Hai BÃ  TrÆ°ng,PhÆ°á»ng Minh Khai,"Phá»‘ Minh Khai, PhÆ°á»ng Minh Khai, Quáº­n Hai BÃ  TrÆ°ng, TP. HÃ  Ná»™i",6 tá»·,166.67 triá»‡u/mÂ²,15419,36 mÂ²,15 m,4.2 m,--,3,3,"BÃ¡n nhÃ  phá»‘ Minh Khai gáº§n TimeCity. Kinh doanh báº¥t cháº¥p, GÃ­a chÃ o 6 tá»·
+ Diá»‡n tÃ­ch 36mÃ—5T, MT 4.2
+ Tá»•ng 3PN rá»™ng vá»‡ sinh khÃ©p kÃ­n
+ Máº·t tiá»n rá»™ng ráº¥t lá»£i tháº¿
+ Sá»• Ä‘á» vuÃ´ng Ä‘áº¹p, giao dá»‹ch ngay
LÃ½ thuyáº¿t Ã” TÃ´ vÃ o nhÃ 
CÃ¡ch máº·t phá»‘ Minh Khai 80m. Khu dÃ¢n cÆ° Ä‘Ã´ng Ä‘Ãºc, hiá»‡n há»¯u, xung quanh Ä‘ua nhau bÃ¡n má»i máº·t hÃ ng
SÃ¡ng cháº¡y bá»™ TimeCity, chiá»u táº­p Gym California...NÃ³ng quÃ¡ ra SÃ´ng Há»“ng nháº£y cáº§u. LH. Mr Nghiá»‡p ( Äá»™c tÃ´n thá»• cÆ° HÃ  Ná»™i ).",1657533208,Sá»• Ä‘á»,"['CÃ´ng viÃªn', 'Há»“ bÆ¡i', 'SiÃªu thá»‹ mini', 'Chá»— Ä‘áº­u Ã´ tÃ´', 'T.T thÆ°Æ¡ng máº¡i', 'NhÃ  thiáº¿u nhi', 'NhÃ  vÄƒn hÃ³a', 'SÃ¢n váº­n Ä‘á»™ng', 'TrÆ°á»ng máº§m non', 'TrÆ°á»ng cáº¥p 1', 'TrÆ°á»ng cáº¥p 2', 'TrÆ°á»ng cáº¥p 3', 'Chá»£', 'SiÃªu thá»‹', 'Khu du lá»‹ch']",,Háº»m,,,NhÃ  trá»‘ng,ChÆ°a sá»­ dá»¥ng,,"['ThÃ¢n thiá»‡n', 'TrÃ­ thá»©c']",,3 m,5+,NhÃ  cáº¥p 1,"['Ká»‡ TV', 'Tá»§ trang trÃ­', 'BÃ n gháº¿ P.KhÃ¡ch', 'GiÆ°á»ng ngá»§', 'BÃ n pháº¥n', 'Tá»§ quáº§n Ã¡o', 'Tá»§ báº¿p', 'BÃ n Äƒn', 'MÃ¡y hÃºt mÃ¹i', 'BÃ¬nh nÃ³ng láº¡nh', 'Bá»“n táº¯m', 'VÃ²i hoa sen', 'Bá»“n rá»­a máº·t', 'MÃ¡y láº¡nh']"
"11/07/2022, 16:51",4103,HÃ¹ng,NhÃ  riÃªng,TP. HÃ  Ná»™i,Quáº­n Ba ÄÃ¬nh,PhÆ°á»ng Äá»™i Cáº¥n,"PhÆ°á»ng Äá»™i Cáº¥n, Quáº­n Ba ÄÃ¬nh, TP. HÃ  Ná»™i",3.5 tá»·,116.67 triá»‡u/mÂ²,15418,30 mÂ²,--,--,TÃ¢y Báº¯c,2,3," ChÃ­nh chá»§ bÃ¡n nhÃ  riÃªng cÃ³ sá»• Ä‘á» trong ngÃµ Äá»™i Cáº¥n, 3 máº·t thoÃ¡ng, gáº§n chá»£ trÆ°á»ng viá»‡n.",1657533114,Sá»• Ä‘á»,"['CÃ´ng viÃªn', 'SiÃªu thá»‹ mini', 'Chá»— Ä‘áº­u Ã´ tÃ´', 'T.T thÆ°Æ¡ng máº¡i', 'NhÃ  thiáº¿u nhi', 'NhÃ  hÃ¡t', 'TrÆ°á»ng máº§m non', 'TrÆ°á»ng cáº¥p 1', 'TrÆ°á»ng cáº¥p 2', 'TrÆ°á»ng cáº¥p 3', 'TrÆ°á»ng Äáº¡i há»c', 'Chá»£', 'SiÃªu thá»‹']",['ÄÆ°á»ng tráº£i nhá»±a'],Háº»m,,,Äang á»Ÿ,ÄÃ£ qua sá»­ dá»¥ng,,['ThÃ¢n thiá»‡n'],['Báº£o vá»‡ 24/24'],,3,,
"11/07/2022, 16:47",4104,Há»“ SÆ¡n,Äáº¥t bÃ¡n,KiÃªn Giang,Huyá»‡n PhÃº Quá»‘c,XÃ£ Cá»­a DÆ°Æ¡ng,"ÄÆ°á»ng DÆ°Æ¡ng ÄÃ´ng Cá»©a Cáº¡n(ÄT45), XÃ£ Cá»­a DÆ°Æ¡ng, Huyá»‡n PhÃº Quá»‘c, KiÃªn Giang",4.5 tá»·,29.03 triá»‡u/mÂ²,15417,155 mÂ²,25 m,6 m,ÄÃ´ng,--,--,"BÃ¡n lÃ´ Ä‘áº¥t máº·t tiá»n Ä‘Æ°á»ng DÆ°Æ¡ng ÄÃ´ng Cá»©a Cáº¡n(ÄT45), TP PhÃº Quá»‘c, KiÃªn Giang, diá»‡n tÃ­ch 155m2. â€“ Vá»šI DIá»†N TÃCH : NGANG 6m X DÃ€I 25,1m = 155,2 m2. â€“Äá»ŠA CHá»ˆ : áº¤p Ã”ng Lang, XÃ£ Cá»­a DÆ°Æ¡ng, ThÃ nh Phá»‘ PhÃº Quá»‘c , tá»‰nh KiÃªn Giang. â€“ GIÃ Háº¤P DáºªN CHá»ˆ : 4.5 Tá»¶ VNÄ( cÃ³ ThÆ°Æ¡ng lÆ°á»£ng ). + CÃ³ lá»£i tháº¿ vá» vá»‹ trÃ­: tá»a láº¡c trÃªn máº·t tiá»n Ä‘Æ°á»ng DÆ°Æ¡ng ÄÃ´ng Cá»­a Cáº¡n (ÄT45) NgoÃ i lá»™ giá»›i 25m, giao thÃ´ng thuáº­n tiá»‡n, an ninh tá»‘t. + Gáº§n vÃ²ng xoay nga 3 Ä‘Æ°á»ng trÃ¡nh , sáº¯p hoÃ n thÃ nh ráº¥t thuáº­n lá»£i cho viá»‡c giao thÃ´ng . â€“ CÃ¡ch chá»£ DÆ°Æ¡ng ÄÃ´ng PhÃº Quá»‘c, chá»£ Ä‘Ãªm PhÃº Quá»‘c chá»‰ 15 phÃºt, khu du lá»‹ch, Dinh BÃ  vÃ  cÃ¡ch bÃ£i táº¯m biá»ƒn 10 phÃºt. â€“ Náº±m táº¡i vá»‹ trÃ­ cáº§u ná»‘i giá»¯a sÃ¢n bay vÃ  cÃ¡c Ä‘á»‹a Ä‘iá»ƒm vui chÆ¡i giáº£i trÃ­ táº§m cá»¡ nhÆ° GRANDWORD vÃ  VINWONDER PHÃš QUá»C. â€“ Tiá»‡n Ã­ch: â€“ Loáº¡i hÃ¬nh xÃ¢y dá»±ng tá»± do. Náº±m trong khuÃ´n viÃªn quy hoáº¡ch Ä‘áº¥t á»Ÿ tháº¥p táº§ng cÃ³ thá»ƒ xÃ¢y nhÃ  dÆ°á»›i 5 táº§ng. Tá»‰ suáº¥t lá»£i nhuáº­n cao khi Ä‘áº§u tÆ°. â€“ PhÃ¡p lÃ½ vá»¯ng vÃ ng minh báº¡ch sá»• há»“ng riÃªng sang tÃªn cÃ´ng chá»©ng ngay. + Vá»›i má»©c giÃ¡ vÃ´ cÃ¹ng háº¥p dáº«n tháº¥p trong khu vá»±c cÃ³ 1 khÃ´ng 2 hiá»‡n táº¡i. ACE cÃ³ nhu cáº§u xin vui long gá»i Ä‘iá»‡n thoáº¡i trao Ä‘á»•i. Xin cÃ¡m Æ¡n Ä‘Ã£ xem thÃ´ng tin.",1657532821,Sá»• Ä‘á»,"['T.T thÆ°Æ¡ng máº¡i', 'Khu du lá»‹ch', 'SÃ¢n bay', 'Cáº£ng biá»ƒn']",['ÄÆ°á»ng tráº£i nhá»±a'],Máº·t tiá»n,,,,,,,,25 m,,,
"11/07/2022, 16:43",3884,An Háº¡,CÄƒn há»™,TP. HÃ  Ná»™i,Quáº­n Báº¯c Tá»« LiÃªm,PhÆ°á»ng ÄÃ´ng Ngáº¡c,"PhÆ°á»ng ÄÃ´ng Ngáº¡c, Quáº­n Báº¯c Tá»« LiÃªm, TP. HÃ  Ná»™i",4.6 tá»·,47.92 triá»‡u/mÂ²,15416,96 mÂ²,--,--,ÄÃ´ng Nam,3,2,"ChÃ­nh chá»§ cáº§n bÃ¡n gáº¥p cÄƒn há»™ táº§ng VIP S6 Sunshine City. - CÄƒn há»™ sá»‘ 08, táº§ng trung, cÄƒn gÃ³c nÃªn hÆ°á»Ÿng Ã¡nh sÃ¡ng tá»± nhiÃªn gáº§n nhÆ° toÃ n ngÃ´i nhÃ . - Diá»‡n tÃ­ch: 96m2, gá»“m 3PN, 2 WC, 1 PK, 1 báº¿p. . - Cá»­a vÃ o hÆ°á»›ng ÄÃ´ng Nam, ban cÃ´ng hÆ°á»›ng TÃ¢y Báº¯c, view rá»™ng rÃ£i vÃ  cá»±c kÃ¬ thoÃ¡ng. - Ná»™i tháº¥t Ä‘Ã£ Ä‘Æ°á»£c trang bá»‹ Ä‘áº§y Ä‘á»§. NhÃ  cÃ²n ráº¥t má»›i. GIÃ BÃN: 4 tá»· 6 (miá»…n phÃ­ dá»‹ch vá»¥). LiÃªn há»‡ xem nhÃ  ngay: (Háº¡). .",1657532604,Sá»• Ä‘á»,,,,TÃ¢y Báº¯c,,Äáº§y Ä‘á»§ ná»™i tháº¥t,ChÆ°a sá»­ dá»¥ng,"['Chá»— Ä‘á»ƒ Ã´ tÃ´', 'Háº§m Ä‘á»ƒ xe', 'CÃ´ng viÃªn', 'Há»“ bÆ¡i chung', 'Ban cÃ´ng riÃªng', 'SiÃªu thá»‹ mini', 'T.T thÆ°Æ¡ng máº¡i', 'P. sinh hoáº¡t chung', 'PhÃ²ng táº­p gym', 'SÃ¢n chÆ¡i tráº» em', 'SÃ¢n nÆ°á»›ng BBQ', 'NhÃ  hÃ ng', 'CÃ  phÃª']","['ThÃ¢n thiá»‡n', 'TrÃ­ thá»©c']","['Báº£o vá»‡ 24/24', 'Carmera an ninh']",,,,
"11/07/2022, 16:37",4096,Tráº§n Quá»‘c,Äáº¥t bÃ¡n,Thá»«a ThiÃªn Huáº¿,TP. Huáº¿,PhÆ°á»ng XuÃ¢n PhÃº,"Nguyá»…n Lá»™ Tráº¡ch, PhÆ°á»ng XuÃ¢n PhÃº, TP. Huáº¿, Thá»«a ThiÃªn Huáº¿",5 tá»·,50 triá»‡u/mÂ²,15415,100 mÂ²,20 m,4.99 m,Nam,--,--,"MUA VÃ€NG THÃŒ Lá»– - MUA THá»– THÃŒ Lá»œI
* Äáº¥t náº±m vá»‹ trÃ­ vÃ ng - trá»¥c Ä‘Æ°á»ng 100m, 26m,18,5m. trá»±c diá»‡n chá»£ Cá»‘ng má»›i, dá»± Ã¡n TTTM Doj, PhÃº XuÃ¢n City, Chung cÆ° XuÃ¢n PhÃº, Aranya, BHXH Tá»‰nh, TT HÃ nh ChÃ­nh CÃ´ng
* GiÃ¡ bÃ¡n 50 triá»‡u/m2.
* Sá»• há»“ng
* ThÃ­ch há»£p kinh doanh buÃ´n bÃ¡n cÃ¡c dá»‹ch vá»¥.
* CÃ³ thÆ°Æ¡ng lÆ°á»£ng chÃ­nh chá»§.
LiÃªn há»‡ Quá»‘c zalo Ä‘i xem Ä‘áº¥t.",1657532263,,"['T.T thÆ°Æ¡ng máº¡i', 'Chá»£', 'SiÃªu thá»‹']",['ÄÆ°á»ng tráº£i nhá»±a'],,,,,,,,,23 m,,,
"11/07/2022, 16:30",2962,HiÃªu,NhÃ  riÃªng,TP. Há»“ ChÃ­ Minh,Quáº­n TÃ¢n PhÃº,PhÆ°á»ng TÃ¢y Tháº¡nh,"Háº»m 37, PhÆ°á»ng TÃ¢y Tháº¡nh, Quáº­n TÃ¢n PhÃº, Há»“ ChÃ­ Minh",27 tá»·,71.62 triá»‡u/mÂ²,9509,377 mÂ²,35.1 m,8 m,TÃ¢y Nam,3,3,"BÃ¡n nhÃ  1 xáº¹t Háº»m 72 DÆ°Æ¡ng Äá»©c Hiá»n, p. TÃ¢y Tháº¡nh, TÃ¢n PhÃº. Khu vá»±c cá»±c ká»³ sáº§m uáº¥t, tiá»‡n Ã­ch khÃ´ng thiáº¿u thá»© gÃ¬. â€¢ Tá»•ng diá»‡n tÃ­ch 377.3m2 ngang 8.4m ná»Ÿ háº­u 14m. â€¢ Háº»m trÆ°á»›c nhÃ  6.5m xe táº£i cháº¡y thoáº£i mÃ¡i, cÃ¡ch MT DÆ°Æ¡ng Äá»©c Hiá»n chá»‰ chÆ°a Ä‘áº§y 50m. â€¢ TrÃªn Ä‘áº¥t cÃ³ nhÃ  1 trá»‡t 1 láº§u sÃ¢n thÆ°á»£ng mÃ¡i ngÃ³i 60m2/sÃ n. â€¢ Sá»• riÃªng full thá»• cÆ°, sang tÃªn nhanh gá»n. â€¢ Tiá»‡n xÃ¢y mini hotel, VP cty káº¿t há»£p á»Ÿ, nhÃ  cho thuÃª, biá»‡t thá»± vÆ°á»n, cafe vÆ°á»n ..... â€¢ GiÃ¡ bÃ¡n cÃ´ng khai 27 tá»·. CÃ²n thÆ°Æ¡ng lÆ°á»£ng cho khÃ¡ch thiá»‡n chÃ­.",1655350408,Sá»• Ä‘á»,"['CÃ´ng viÃªn', 'Há»“ bÆ¡i', 'SiÃªu thá»‹ mini', 'Chá»— Ä‘áº­u Ã´ tÃ´', 'T.T thÆ°Æ¡ng máº¡i', 'NhÃ  thiáº¿u nhi', 'NhÃ  vÄƒn hÃ³a', 'SÃ¢n váº­n Ä‘á»™ng', 'TrÆ°á»ng cáº¥p 1', 'TrÆ°á»ng cáº¥p 2', 'TrÆ°á»ng cáº¥p 3', 'Chá»£', 'Khu cÃ´ng nghiá»‡p', 'Bá»‡nh viá»‡n']",,Háº»m,,,Äáº§y Ä‘á»§ ná»™i tháº¥t,ÄÃ£ qua sá»­ dá»¥ng,,"['ThÃ¢n thiá»‡n', 'TrÃ­ thá»©c']",,6.5 m,,NhÃ  cáº¥p 2,
"11/07/2022, 16:29",3581,LÃª Huy SÆ¡n,Äáº¥t ná»n dá»± Ã¡n,Báº¯c Giang,Huyá»‡n TÃ¢n YÃªn,Thá»‹ tráº¥n NhÃ£ Nam,"Thá»‹ tráº¥n NhÃ£ Nam, Huyá»‡n TÃ¢n YÃªn, Báº¯c Giang",1.79 tá»·,21 triá»‡u/mÂ²,15413,85 mÂ²,--,--,--,--,--,"Äáº¥t ná»n KÄT Tiáº¿n NhÃ£ Nam má»Ÿ bÃ¡n ngÃ y 10/7/ 2022 Ä‘á»‹a chá»‰ KÄT Tiáº¿n Phan thá»‹ tráº¥n NhÃ£ Nam, huyá»‡n TÃ¢n YÃªn , tá»‰nh Báº¯c Giang --diá»‡n tÃ­ch tá»« 85 - 95 m2 --giÃ¡ bÃ¡n 21tr/m2 hÆ°á»›ng tÃ¢y báº¯c vÃ  hÆ°á»›ng Ä‘Ã´ng nam --thá»§ tá»¥c phÃ¡p lÃ­ rÃµ rÃ ng --má»i ngÆ°á»i cÃ³ thá»ƒ tÃ¬m hiá»ƒu thÃ´ng tin trÃªn web hoáº·c liÃªn há»‡ : Huy SÆ¡n Ä‘á»ƒ biáº¿t thÃªm thÃ´ng tin.",1657531741,Sá»• Ä‘á»,"['CÃ´ng viÃªn', 'T.T thÆ°Æ¡ng máº¡i', 'NhÃ  vÄƒn hÃ³a', 'SÃ¢n váº­n Ä‘á»™ng', 'TrÆ°á»ng máº§m non', 'TrÆ°á»ng cáº¥p 1', 'TrÆ°á»ng cáº¥p 2', 'TrÆ°á»ng cáº¥p 3', 'Chá»£', 'SiÃªu thá»‹', 'Khu cÃ´ng nghiá»‡p', 'Khu dÃ¢n cÆ°', 'Cao tá»‘c', 'Bá»‡nh viá»‡n']",['ÄÆ°á»ng tráº£i nhá»±a'],Máº·t tiá»n,,,,,,,,18 m,,,
"11/07/2022, 16:28",3668,CÃ´ng,NhÃ  riÃªng,TP. Há»“ ChÃ­ Minh,Quáº­n TÃ¢n PhÃº,PhÆ°á»ng TÃ¢y Tháº¡nh,"LÃª Trá»ng Táº¥n, PhÆ°á»ng TÃ¢y Tháº¡nh, Quáº­n TÃ¢n PhÃº, TP. Há»“ ChÃ­ Minh",4.45 tá»·,74.17 triá»‡u/mÂ²,15412,60 mÂ²,5 m,11.99 m,ÄÃ´ng Báº¯c,2,2,"NhÃ  bÃ¡n khu vá»±c TÃ¢y Tháº¡nh TÃ¢n PhÃº 5m x 12m giÃ¡ 4 tá»· 450 triá»‡u:. + Vá»‹ trÃ­ : NhÃ  gáº§n máº·t tiá»n Ä‘Æ°á»ng LÃª Trá»ng Táº¥n, cáº¡nh khu CN TÃ¢n BÃ¬nh , UBND phÆ°á»ng TÃ¢y Tháº¡nh. + Káº¿t cáº¥u : NhÃ  1 trá»‡t 1 láº§u gá»“m 2 phÃ²ng ngá»§ 2 wc, nhÃ  Ä‘áº¹p trá»‘ng khÃ¡ch mua vÃ o á»Ÿ ngay. + NhÃ  cÃ³ lá»£i tháº¿ máº·t tiá»n 5m , tiá»‡n Ã­ch xung quanh Ä‘áº§y Ä‘á»§ chá»‰ máº¥t 5 phÃºt gia chá»§ cÃ³ thá»ƒ mua sáº¯m táº¡i Aeon Mail TÃ¢n PhÃº . + Sá»• Ä‘áº¹p vuÃ´ng vá»©t, phÃ¡p lÃ½ sáº¡ch, cÃ´ng chá»©ng ngay trong ngÃ y . QuÃ½ khÃ¡ch quan tÃ¢m hÃ y gá»i Ä‘iá»‡n Ä‘á»ƒ biáº¿t thÃªm tÃ´ng tin !.",1657531706,Sá»• há»“ng,,,Háº»m,,,Äang á»Ÿ,ÄÃ£ qua sá»­ dá»¥ng,,,,,2,NhÃ  cáº¥p 1,
"11/07/2022, 16:26",3784,Mai ÄÃ o,Äáº¥t bÃ¡n,Quáº£ng Nam,Thá»‹ xÃ£ Äiá»‡n BÃ n,XÃ£ Äiá»‡n Thá»,"XÃ£ Äiá»‡n Thá», Thá»‹ xÃ£ Äiá»‡n BÃ n, Quáº£ng Nam",1.67 tá»·,5.02 triá»‡u/mÂ²,15411,332 mÂ²,18.75 m,17.32 m,ÄÃ´ng Nam,--,--,"chÃ o bÃ¡n lÃ´ diá»‡n tÃ­ch biá»‡t thá»± máº·t tiá»n gáº§n trá»¥c chÃ­nh vá»‹ trÃ­ Ä‘áº¥t giÃ¡p chá»£ vÄ©nh Äiá»‡n vÃ  gáº§n cÃ¢y xÄƒng Äiá»‡n phÆ°á»›c Äiá»‡n BÃ n Quáº£ng Nam.
- Diá»‡n tÃ­ch 332 18,75x17,32
- xung quanh Ä‘áº§y Ä‘á»§ tiá»‡n Ã­ch ,nhÃ  vÄƒn hÃ³a thÃ´n,chá»£ cá»­a hÃ ng táº­p hÃ³a,cá»­a hÃ ng Ä‘iá»‡n gia dá»¥ng spa..lÃ m tÃ³c Ä‘áº§y Ä‘á»§ phá»¥c nhu cáº§u sá»‘ng cá»§a ngÆ°á»i dÃ¢n
- tá»« vá»‹ trÃ­ Ä‘áº¥t thÃ´ng ra quá»‘c lá»™ 1A,bá»‡nh viá»‡n VÄ©nh Äá»©c vÃ  chá»£ VÄ©nh Äiá»‡n trá»¥c Ä‘Æ°á»ng liÃªn thÃ´ng huyáº¿t máº¡ch
-náº¿u mua lÃ´ nÃ y tÃ¡ch Ä‘Æ°á»£c 2 lÃ´,má»—i lÃ´ 150m2 hoáº·c 3 lÃ´ má»—i lÃ´ 100m2 ráº¥t tiá»‡n 
- liÃªn há»‡ hotline Ä‘á»ƒ xem Ä‘áº¥t sá»›m.",1657531599,Sá»• há»“ng,"['NhÃ  vÄƒn hÃ³a', 'SÃ¢n váº­n Ä‘á»™ng', 'TrÆ°á»ng máº§m non', 'TrÆ°á»ng cáº¥p 1', 'Chá»£', 'Khu dÃ¢n cÆ°', 'Cao tá»‘c', 'Bá»‡nh viá»‡n']","['ÄÆ°á»ng tráº£i nhá»±a', 'ÄÆ°á»ng bÃª tÃ´ng']",,,,,,,,,15 m,,,
"11/07/2022, 16:25",3339,LÃª Thá»‹ Há»“ng VÃ¢n,NhÃ  riÃªng,Thá»«a ThiÃªn Huáº¿,TP. Huáº¿,PhÆ°á»ng TrÆ°á»ng An,"Phan Bá»™i ChÃ¢u, PhÆ°á»ng TrÆ°á»ng An, TP. Huáº¿, Thá»«a ThiÃªn Huáº¿",7.1 tá»·,124.56 triá»‡u/mÂ²,15410,57 mÂ²,15 m,4 m,ÄÃ´ng Nam,5+,3,"ğŸ“£NHÃ€ Máº¶T TIá»€N 3 Táº¦NG FULL Ná»˜I THáº¤T ÄÆ¯á»œNG PHAN Bá»˜I CHÃ‚U - Äá»I DIá»†N TRÆ¯á»œNG TIá»‚U Há»ŒC TRÆ¯á»œNG AN ğŸ“£. LiÃªn há»‡: em VÃ¢n Ä‘i xem nhÃ  vÃ  chá»‘t giÃ¡ tá»‘t nháº¥t!!!. Vá»‹ trÃ­: Ä‘á»‘i diá»‡n trÆ°á»ng tiá»ƒu há»c TrÆ°á»ng An, khu vá»±c cao rÃ¡o ko sá»£ ngáº­p lá»¥t, thÃ­ch há»£p kinh doanh,... Diá»‡n tÃ­ch Ä‘áº¥t: 57m2. HÆ°á»›ng Ä‘Ã´ng mÃ¡t máº», phong thuá»·. NhÃ  3 táº§ng thiáº¿t káº¿ hiá»‡n Ä‘áº¡i. Äáº§y Ä‘á»§ cÃ´ng nÄƒng gá»“m: 5 phÃ²ng ngá»§, 3wc kÃ©p kÃ­n, phÃ²ng khÃ¡ch, phÃ²ng thá», sÃ¢n xeâ€¦. Sá»• há»“ng chÃ­nh chá»§. ÄÃ£ hoÃ n cÃ´ng. GiÃ¡ 7,1 tá»· (thÆ°Æ¡ng lÆ°á»£ng chÃ­nh chá»§).",1657531535,Sá»• há»“ng,,['ÄÆ°á»ng bÃª tÃ´ng'],Máº·t tiá»n,,,Äáº§y Ä‘á»§ ná»™i tháº¥t,ChÆ°a sá»­ dá»¥ng,,,['Carmera an ninh'],21 m,3,,
"11/07/2022, 16:20",4098,LÃª Quang BÃ¬nh,Äáº¥t bÃ¡n,TP. HÃ  Ná»™i,Quáº­n Äá»‘ng Äa,PhÆ°á»ng Trung Tá»±,"Sá»‘ 10 Pháº¡m Ngá»c Tháº¡ch, PhÆ°á»ng Trung Tá»±, Quáº­n Äá»‘ng Äa, TP. HÃ  Ná»™i",290 tá»·,290 triá»‡u/mÂ²,15407,1000 mÂ²,42 m,23 m,--,--,--,"Cáº§n BÃ¡n NhÃ  Äáº¥t Máº·t phá»‘ Pháº¡m Ngá»c Tháº¡ch 1000m2 máº·t tiá»n 23m Vá»‹ trÃ­ Äáº¯c Äá»‹a SÃ¡t NgÃ£ tÆ° GiÃ¡ 290 tá»·
+ Äáº¥t CÃ³ vá»‹ trÃ­ ráº¥t Ä‘áº¹p, giao thÃ´ng thuáº­n tiá»‡n, vá»‰a hÃ¨ siÃªu rá»™ng, quy hoáº¡ch á»•n Ä‘á»‹nh.
+ Äáº¥t Ä‘Ã£ Ä‘Æ°á»£c ThÃ nh phá»‘ phÃª duyá»‡t phÆ°Æ¡ng Ã¡n xÃ¢y tÃ²a nhÃ  VP, thÆ°Æ¡ng máº¡i vÃ  dá»‹ch vá»¥. Tá»•ng 26 táº§ng ná»•i + 2 táº§ng háº§m.
+ Máº­t Ä‘á»™ xÃ¢y dá»±ng 74.5%.
+ HÃ¬nh thá»©c giao dá»‹ch : Chuyá»ƒn nhÆ°á»£ng quyá»n sá»­ dá»¥ng Ä‘áº¥t vÃ  chuyá»ƒn nhÆ°á»£ng 100% cá»• pháº§n cÃ´ng ty. Hoáº·c chuyá»ƒn sang sá»Ÿ há»¯u cÃ¡ nhÃ¢n ( chá»§ sáº½ tÄƒng vá»‘n Ä‘iá»u lá»‡ ).
Chá»§ muá»‘n bÃ¡n nhanh lÃªn ráº¥t thiá»‡n chÃ­ bÃ¡n
+ Sá»• Ä‘á», phÃ¡p lÃ½ chuáº©n. GiÃ¡ 290 tá»· CÃ³ gia Lá»™c
LiÃªn há»‡: Miá»…n Trung Gian.",1657531011,Sá»• Ä‘á»,,,,,,,,,,,49.98 m,,,
"11/07/2022, 16:17",747,Tráº§n Thu HÃ ,CÄƒn há»™,BÃ¬nh DÆ°Æ¡ng,TP. DÄ© An,PhÆ°á»ng ÄÃ´ng HÃ²a,"ÄÆ°á»ng Thá»‘ng Nháº¥t, PhÆ°á»ng ÄÃ´ng HÃ²a, TP. DÄ© An, BÃ¬nh DÆ°Æ¡ng",1.97 tá»·,38.44 triá»‡u/mÂ²,15409,51.33 mÂ²,5.9 m,8.8 m,TÃ¢y Nam,2,2,"Bcons Plaz lÃ  dá»± Ã¡n thá»© 6 cá»§a chá»§ Ä‘áº§u tÆ° Bcons. Dá»± Ã¡n Bcons Plaza lÃ  nÆ¡i khÆ¡i nguá»“n chinh phá»¥c nhá»¯ng Æ°á»›c mÆ¡, nÆ¡i tiáº¿p nÄƒng lÆ°á»£ng cho thÄƒng hoa cuá»™c sá»‘ng, nÆ¡i táº¡o ná»n táº£ng Ä‘á»ƒ sá»± nghiá»‡p thÃ nh cÃ´ng. Má»™t tá»• áº¥m Ä‘ong Ä‘áº§y háº¡nh phÃºc vÃ  trÃ n trá» nhá»±a sá»‘ng cho má»—i ngÃ y má»›i thÃªm trÃ²n váº¹n. * Sá»©c hÃºt cá»§a dá»± Ã¡n Bcons Plaza. - Äá»‘i vá»›i khÃ¡ch Ä‘áº§u tÆ°:. + GiÃ¡ cÄƒn há»™ Bcons luÃ´n ráº» vÃ  phÃ¡p lÃ½ Ä‘áº£m báº£o nháº¥t thá»‹ trÆ°á»ng báº¥t Ä‘á»™ng sáº£n DÄ© An, BÃ¬nh DÆ°Æ¡ng. + ÄÆ°á»ng Thá»‘ng Nháº¥t Ä‘ang má»Ÿ rá»™ng 32m, tiá»m nÄƒng tÄƒng giÃ¡ cao. + Vá»‹ trÃ­ thuáº­n lá»£i, ngay cá»­a ngÃµ TP. HCM, dá»… dÃ ng káº¿t ná»‘i vá» trung tÃ¢m, liá»n ká» lÃ ng Äáº¡i há»c quá»‘c gia... - Äá»‘i vá»›i khÃ¡ch mua á»Ÿ:. + BÃ n giao vÆ°á»£t tiáº¿n Ä‘á»™ vÃ  cháº¥t lÆ°á»£ng vÆ°á»£t trá»™i. +PhÃ¡p lÃ½ rÃµ rÃ ng, minh báº¡ch, ra sá»• há»“ng nhanh. + Thiáº¿t káº¿ thÃ´ng minh phÃ¹ há»£p tÃ i chÃ­nh giá»›i tráº» muá»‘n an cÆ°. 1PN - 1WC: 37m2 / 2PN - 2WC: 48 - 57m2. * NgÃ¢n hÃ ng báº£o lÃ£nh MB Bank; ngÃ¢n hÃ ng há»— trá»£ vay Vietcombank, TP Bank. * Tiáº¿n Ä‘á»™ hiá»‡n táº¡i Ä‘ang hoÃ n thiá»‡n cÃ¡c háº¡ng má»¥c, dá»± kiáº¿n sáº½ bÃ n giao nhÃ  tá»« cuá»‘i nÄƒm nay 2022.
CHI TIáº¾T CÄ‚N Há»˜ 
 - CÄƒn gÃ³c 2 phÃ²ng ngá»§ - 2WC thoÃ¡ng mÃ¡t dt: 51,33m2 nhÆ°ng Ä‘Ã¡p á»©ng Ä‘á»§ tiá»‡n Ã­ch vÃ  nhu cáº§u Ä‘á»‘i vá»›i gia Ä‘Ã¬nh 2 vá»£ chá»“ng, 2 Ä‘á»©a con sinh sá»‘ng
 - Táº§ng trung, Ä‘áº¹p, thoÃ¡ng mÃ¡t 
 - Náº±m gáº§n bÃªn giáº¿ng trá»i, 2 phÃ²ng ngá»§ vÃ  phÃ²ng khÃ¡ch Ä‘Ã³n náº¯ng vÃ  Ä‘Ã³n giÃ³ tá»± nhiÃªn. 
 - CÄƒn há»™ náº±m bÃªn thang bá»™, yÃªn tÄ©nh
 - Ban cÃ´ng hÆ°á»›ng TÃ¢y Báº¯c nhÃ¬n tá»•ng view ná»™i khu, trá»±c diá»‡n há»“ bÆ¡i.",1657531062,Há»£p Ä‘á»“ng mua bÃ¡n,"['CÃ´ng viÃªn', 'Há»“ bÆ¡i', 'SiÃªu thá»‹ mini', 'Chá»— Ä‘áº­u Ã´ tÃ´', 'T.T thÆ°Æ¡ng máº¡i', 'NhÃ  thiáº¿u nhi', 'NhÃ  vÄƒn hÃ³a', 'SÃ¢n váº­n Ä‘á»™ng', 'NhÃ  hÃ¡t', 'Ráº¡p chiáº¿u phim', 'TrÆ°á»ng máº§m non', 'TrÆ°á»ng cáº¥p 1', 'TrÆ°á»ng cáº¥p 2', 'TrÆ°á»ng cáº¥p 3', 'TrÆ°á»ng Äáº¡i há»c', 'Chá»£', 'SiÃªu thá»‹', 'Khu du lá»‹ch', 'Khu cÃ´ng nghiá»‡p', 'SÃ¢n bay', 'Khu dÃ¢n cÆ°', 'Cao tá»‘c', 'Bá»‡nh viá»‡n']",,Máº·t tiá»n,TÃ¢y Báº¯c,2020,NhÃ  trá»‘ng,ChÆ°a sá»­ dá»¥ng,"['Chá»— Ä‘á»ƒ Ã´ tÃ´', 'Háº§m Ä‘á»ƒ xe', 'CÃ´ng viÃªn', 'Há»“ bÆ¡i chung', 'Ban cÃ´ng riÃªng', 'SiÃªu thá»‹ mini', 'T.T thÆ°Æ¡ng máº¡i', 'P. sinh hoáº¡t chung', 'PhÃ²ng táº­p gym', 'SÃ¢n chÆ¡i tráº» em', 'SÃ¢n nÆ°á»›ng BBQ', 'NhÃ  hÃ ng', 'CÃ  phÃª']","['ThÃ¢n thiá»‡n', 'TrÃ­ thá»©c']","['Báº£o vá»‡ 24/24', 'Carmera an ninh']",,,,"['Tá»§ báº¿p', 'VÃ²i hoa sen', 'Bá»“n rá»­a máº·t']"
"11/07/2022, 16:17",3690,Tuáº¥n Kháº£i,NhÃ  riÃªng,TP. Há»“ ChÃ­ Minh,TP. Thá»§ Äá»©c,PhÆ°á»ng TrÆ°á»ng Thá»,"PhÆ°á»ng TrÆ°á»ng Thá», TP. Thá»§ Äá»©c, TP. Há»“ ChÃ­ Minh",4.1 tá»·,41 triá»‡u/mÂ²,15408,100 mÂ²,--,--,--,3,2,"LÃ´ gÃ³c háº»m xe táº£i tháº³ng chá»‰ 20m. + Cá»­a chÃ­nh hÆ°á»›ng TÃ¢y Báº¯c, cá»•ng nhÃ  hÆ°á»›ng ÄÃ´ng Báº¯c. DT 100m2. + ÄÆ°á»ng sá»‘ 8 quy hoáº¡ch sáº½ má»Ÿ rá»™ng ra 20m. TÆ°Æ¡ng lai khÃ´ng xa sáº½ ra tiá»n. + A4 vuÃ´ng, khÃ´ng lá»™ giá»›i, quy hoáº¡ch. . LiÃªn há»‡ ChuyÃªn gia ThÃ nh Ä‘á»ƒ Ä‘Æ°á»£c há»— trá»£ tham kháº£o nhÃ . .",1657531042,Há»£p Ä‘á»“ng mua bÃ¡n,"['Chá»— Ä‘áº­u Ã´ tÃ´', 'Chá»£', 'SiÃªu thá»‹']",['ÄÆ°á»ng bÃª tÃ´ng'],Háº»m,,,Äáº§y Ä‘á»§ ná»™i tháº¥t,ÄÃ£ qua sá»­ dá»¥ng,,['ThÃ¢n thiá»‡n'],,7 m,2,,"['Ká»‡ TV', 'BÃ n gháº¿ P.KhÃ¡ch', 'BÃ n Äƒn', 'BÃ¬nh nÃ³ng láº¡nh', 'VÃ²i hoa sen', 'Bá»“n rá»­a máº·t', 'MÃ¡y láº¡nh', 'MÃ¡y giáº·t']"
"11/07/2022, 16:13",4097,Pháº¡m Thá»‹ Há»“ng Nhung,Äáº¥t bÃ¡n,TP. ÄÃ  Náºµng,Quáº­n Thanh KhÃª,PhÆ°á»ng ChÃ­nh GiÃ¡n,"K478/36B LÃª Duáº©n PhÆ°á»ng ChÃ­nh GiÃ¡n, Quáº­n Thanh KhÃª, TP. ÄÃ  Náºµng",2.8 tá»·,51 triá»‡u/mÂ²,15406,54.9 mÂ²,7.74 m,7.93 m,TÃ¢y Nam,--,--,"CHÃNH CHá»¦ Cáº¦N BÃN NHANH LÃ” Äáº¤T KIá»†T Táº I TRUNG TÃ‚M TP ÄÃ€ Náº´NG . Tá»”NG DIá»†N TÃCH: 54.9 M2
Äáº¤T Äáº¸P Ná» Háº¬U, THOÃNG MÃT, KHU DÃ‚N CÆ¯ YÃŠN TÄ¨NH, AN NINH Tá»T 
ÄÆ¯á»œNG KIá»†T CHÃNH Rá»˜NG 5M (Ã” TÃ” VÃ€O VÃ” TÆ¯ áº )
THIá»†N CHÃ ALO EM THÄ‚M Äáº¤T VÃ€ THÆ¯Æ NG LÆ¯á»¢NG NHÃ‰ áº 

.",1657530793,Sá»• Ä‘á»,"['CÃ´ng viÃªn', 'T.T thÆ°Æ¡ng máº¡i', 'NhÃ  vÄƒn hÃ³a', 'SÃ¢n váº­n Ä‘á»™ng', 'TrÆ°á»ng máº§m non', 'TrÆ°á»ng cáº¥p 1', 'TrÆ°á»ng cáº¥p 2', 'TrÆ°á»ng cáº¥p 3', 'TrÆ°á»ng Äáº¡i há»c', 'Chá»£', 'SiÃªu thá»‹', 'Khu du lá»‹ch', 'Khu cÃ´ng nghiá»‡p', 'SÃ¢n bay', 'Cáº£ng biá»ƒn', 'Gáº§n sÃ´ng', 'Gáº§n biá»ƒn', 'Khu dÃ¢n cÆ°', 'Bá»‡nh viá»‡n']",['ÄÆ°á»ng bÃª tÃ´ng'],Háº»m,,,,,,,,2.5 m,,,
"11/07/2022, 16:10",2623,Nguyá»…n Thá»‹ Ãi Linh,NhÃ  riÃªng,TP. Há»“ ChÃ­ Minh,TP. Thá»§ Äá»©c,PhÆ°á»ng Linh Trung,"LÃª VÄƒn ChÃ­, PhÆ°á»ng Linh Trung, TP. Thá»§ Äá»©c, TP. Há»“ ChÃ­ Minh",8.9 tá»·,110.56 triá»‡u/mÂ²,15405,80.5 mÂ²,20 m,4 m,TÃ¢y Nam,4,5+,"BÃ¡n nhÃ  háº»m Ä‘Æ°á»ng LÃª VÄƒn ChÃ­, Linh Trung. Thá»§ Äá»©c, Há»“ ChÃ­ Minh. - ÄÆ°á»ng trÆ°á»›c nhÃ  8m cÃ³ vá»‰a hÃ¨, Ä‘Æ°á»ng thÃ´ng, khu dÃ¢n cÆ° hiá»‡n há»¯u, xÃ¢y kÃ­n, vÄƒn minh. - NhÃ  4 táº§ng Ä‘Ãºc, gá»“m 4PN, phÃ²ng khÃ¡ch, báº¿p, phÃ²ng thá», 6 ban cÃ´ng trÆ°á»›c vÃ  sau nhÃ , 1 sÃ¢n thÆ°á»£ng mÃ¡i tiá»‡n trá»“ng rau quáº£, giáº¿ng trá»i 3m2, sÃ¢n xe Ã´ tÃ´ 7 chá»—, sÃ¢n vÆ°á»n sau. - TrÆ°á»›c sau nhÃ  cÃ³ khung thÃ©p kÃ­n chá»‘ng trá»™m kÃ­n, Cá»­a cá»•ng 2 lá»›p (cá»­a sáº¯t ngoÃ i, cá»­a cuá»‘n trong), Cá»­a chÃ­nh 4 cÃ¡nh nhÃ´m kÃ­nh cÆ°á»ng lá»±c xingfa nháº­p kháº©u, cá»­a sau 2 lá»›p cá»­a sáº¯t + cá»­a nhÃ´m kÃ­nh. NÄƒng lÆ°á»£ng nÃ³ng láº¡nh Ä‘áº§y Ä‘á»§ cÃ¡c táº§ng. * Tiá»‡n Ã­ch xung quanh:. - SÃ¡t trÆ°á»ng cáº¥p 1, 2, 3, trÆ°á»ng ÄH, bá»‡nh viá»‡n Ä‘a khoa kv thá»§ Ä‘á»©c, chá»£ Linh Trung. - Trong khu nÃ y nhÃ  Ä‘á»u 4 táº§ng, Ä‘áº¹p, dÃ¢n trÃ­ cao, thÃ¢n thiá»‡n, sáº¡ch sáº½, vÄƒn minh. - Giao thÃ´ng thuáº­n lá»£i nháº¥t Thá»§ Äá»©c hiá»‡n nay, Ä‘i sÃ¢n bay 12km, báº¿n xe Miá»n ÄÃ´ng má»›i 4km, QL1A 200m, QL1K 1,5km, Xa lá»™ HN 1km, Pháº¡m VÄƒn Äá»“ng 2km, cÃ´ng nghá»‡ cao Q9 1km, ra cao tá»‘c 7km, Ä‘i cÃ¡c quáº­n HCM bÃ¡n kÃ­nh 2-10km. * Diá»‡n tÃ­ch: 80.5m2 (ngang 4m x dÃ i 20m). - HÆ°á»›ng: TÃ¢y Nam . - Sá»• há»“ng riÃªng hoÃ n cÃ´ng Ä‘á»§. - GiÃ¡ bÃ¡n 8.9 tá»· TL ( giÃ¡ cÅ© 9.2 tá»·). - LiÃªn há»‡ Ãi Linh xem nhÃ  vÃ  lÃ m viá»‡c chÃ­nh chá»§. - Xin cáº£m Æ¡n!.",1657530640,Sá»• há»“ng,,,Háº»m,,,NhÃ  trá»‘ng,ChÆ°a sá»­ dá»¥ng,,,,,3,NhÃ  cáº¥p 3,
"11/07/2022, 16:10",3919,Mai KhÃ¡nh HÃ²a,NhÃ  riÃªng,TP. HÃ  Ná»™i,Quáº­n Thanh XuÃ¢n,PhÆ°á»ng Háº¡ ÄÃ¬nh,"Phá»‘ Háº¡ ÄÃ¬nh, PhÆ°á»ng Háº¡ ÄÃ¬nh, Quáº­n Thanh XuÃ¢n, TP. HÃ  Ná»™i",5.1 tá»·,102 triá»‡u/mÂ²,15404,50 mÂ²,--,--,--,--,--,"Vá»‹ trÃ­ Ä‘áº¹p: 
- BÃ¡n nhÃ  Ã´ tÃ´ Ä‘á»— cá»­a, Ä‘á»— 24/24, máº·t tiá»n 3,7m
- NhÃ  4 phÃ²ng ngá»§
- DÃ¢n trÃ­ xung quanh nhiá»u cÃ¡n bá»™ cao cáº¥p, an ninh tá»‘t
- 3 phÃºt tá»›i chá»£, 10 phÃºt tá»›i TTTM Royal city
- Gáº§n trÆ°á»ng ÄH KHXH NhÃ¢n VÄƒn, gáº§n trÆ°á»ng cáº¥p 1, cáº¥p 2 Háº¡ ÄÃ¬nh
- Miá»…n mÃ´i giá»›i vÃ  trung gian..!
- (LiÃªn há»‡ Ä‘á»ƒ Ä‘Æ°á»£c tÆ° váº¥n, xem nhÃ  hoÃ n toÃ n miá»…n phÃ­).",1657530600,,,,,,,,,,,,,,,
"11/07/2022, 15:56",2469,Kim NgÃ¢n,Äáº¥t ná»n dá»± Ã¡n,PhÃº YÃªn,Huyá»‡n ÄÃ´ng HÃ²a,PhÆ°á»ng HoÃ  Vinh,"PhÆ°á»ng HoÃ  Vinh, Huyá»‡n ÄÃ´ng HÃ²a, PhÃº YÃªn",2.68 tá»·,17.87 triá»‡u/mÂ²,15403,150 mÂ²,4.99 m,30 m,--,--,--," -Vá»‹ trÃ­: KDC Sá»‘ 7 P. HoÃ  Vinh, TX. ÄÃ´ng HoÃ , Tá»‰nh PhÃº YÃªn. -Diá»‡n tÃ­ch: 150m2. -Quy hoáº¡ch Ä‘áº¥t á»Ÿ Ä‘Ã´ thá»‹. -Háº¡ táº§ng hoÃ n thiá»‡n, sá»• Ä‘á» Ä‘Ã£ cÃ³, thá»• cÆ° full 100%. -KDC hiá»‡n há»¯u Ä‘Ã´ng Ä‘Ãºc. -Thuá»™c trung tÃ¢m hÃ nh chÃ­nh tx. ÄÃ´ng HoÃ . -Káº¿t ná»‘i nhiá»u tiá»‡n Ã­ch xung quanh: TrÆ°á»ng há»c, chá»£, uá»· ban,â€¦â€¦. -Giao thÃ´ng thuáº­n lá»£i: CÃ¡ch QL1A chá»‰ 200m, sÃ¢n bay Tuy HoÃ  8km,â€¦â€¦. -GiÃ¡ dá»± kiáº¿n: 2 tá»· - 2,2 tá»·/ ná»n. Tiá»m nÄƒng phÃ¡t triá»ƒn khi thá»‹ xÃ£ ÄÃ´ng HoÃ  thuá»™c khu vá»±c Æ°u tiÃªn Ä‘áº§u tÆ° phÃ¡t triá»ƒn táº¡i PhÃº YÃªn. . Táº­p Ä‘oÃ n HoÃ  PhÃ¡t Ä‘ang muá»‘n Ä‘áº§u tÆ° 2 dá»± Ã¡n 120.000 tá»· Ä‘á»“ng táº¡i PhÃº YÃªn, Ä‘Ã¢y lÃ  tiá»n Ä‘á» Ä‘á»ƒ thÃºc Ä‘áº©y sá»± phÃ¡t triá»ƒn kinh táº¿ - xÃ£ há»™i cá»§a tá»‰nh trong thá»i gian tá»›i. .",1657529768,Sá»• Ä‘á»,"['CÃ´ng viÃªn', 'SÃ¢n váº­n Ä‘á»™ng', 'TrÆ°á»ng máº§m non', 'TrÆ°á»ng cáº¥p 1', 'TrÆ°á»ng cáº¥p 2', 'TrÆ°á»ng cáº¥p 3', 'Khu du lá»‹ch', 'Khu cÃ´ng nghiá»‡p', 'SÃ¢n bay', 'Gáº§n sÃ´ng', 'Gáº§n biá»ƒn', 'Khu dÃ¢n cÆ°', 'Bá»‡nh viá»‡n']",['ÄÆ°á»ng tráº£i nhá»±a'],Máº·t tiá»n,,,,,,,,12 m,,,
"11/07/2022, 15:54",1768,Nguyen Thi Kim Phuong,NhÃ  riÃªng,TP. Há»“ ChÃ­ Minh,Quáº­n PhÃº Nhuáº­n,PhÆ°á»ng 10,"Tráº§n Há»¯u Trang, PhÆ°á»ng 10, Quáº­n PhÃº Nhuáº­n, TP. Há»“ ChÃ­ Minh",5.5 tá»·,157.14 triá»‡u/mÂ²,15402,35 mÂ²,--,--,--,--,--,"Xe hÆ¡i thÃ´ng Tráº§n Há»¯u Trang, PhÆ°á»ng 10, Quáº­n PhÃº Nhuáº­n. - DT 3.5 x 10m . - NhÃ  1 láº§u 2 phÃ²ng ngá»§ 2wc full ná»™i tháº¥t. - máº·t tiá»n Ä‘Æ°á»ng 3.5m xe hÆ¡i thÃ´ng . - NhÃ  hÆ°á»›ng ÄÃ´ng Báº¯c . GiÃ¡ 5.5 Tá»· TL . LiÃªn há»‡: Nguyá»…n PhÆ°Æ¡ng (xem nhÃ ).",1657529698,,,,,,,,,,,,,,,
"11/07/2022, 15:53",3835,Nguyá»…n Phi HÃ¹ng,Äáº¥t ná»n dá»± Ã¡n,BÃ¬nh PhÆ°á»›c,Huyá»‡n ChÆ¡n ThÃ nh,XÃ£ Minh HÆ°ng,"Äáº¡i Lá»™ Minh HÆ°ng, XÃ£ Minh HÆ°ng, Huyá»‡n ChÆ¡n ThÃ nh, BÃ¬nh PhÆ°á»›c",1.2 tá»·,12 triá»‡u/mÂ²,13960,100 mÂ²,20 m,5 m,--,--,--,"Dá»± Ã¡n: KÄT PhÃºc HÆ°ng Golden. Vá»‹ trÃ­: máº·t tiá»n Äáº¡i Lá»™ Minh HÆ°ng ChÆ¡n ThÃ nh, liá»n ká» QL13 vÃ  QL14. . Chá»§ Äáº§u TÆ°: CÃ´ng Ty HoÃ ng CÃ¡t Group. Sáº£n Pháº©m: Ä‘áº¥t ná»n, shophouse. Diá»‡n tÃ­ch ná»n: 80m2 Ä‘áº¿n 100m2. . GiÃ¡: 12-14tr/m2 - 1 tá»·/ná»n. . Tiá»‡n Ã­ch bÃªn trong dá»± Ã¡n: cÃ´ng viÃªn, trÆ°á»ng há»c cÃ¡c cáº¥p, bá»‡nh viá»‡n, chá»£,.... PhÃ¡p lÃ½: cÃ³ giáº¥y phÃ©p xÃ¢y dá»±ng, sá»• há»“ng, giáº¥y chá»©ng nháº­n quyá»n sá»­ dá»¥ng Ä‘áº¥t, quy hoáº¡ch 1/500. . Há»— trá»£ vay vá»‘n ngÃ¢n hÃ ng. . ÄÃ¢y lÃ  má»™t dá»± Ã¡n cÃ³ tiá»n nÄƒng vÃ  ráº¥t thÃ­ch há»£p Ä‘á»ƒ Ä‘áº§u tÆ°. .",1657073928,Sá»• há»“ng,"['CÃ´ng viÃªn', 'T.T thÆ°Æ¡ng máº¡i', 'TrÆ°á»ng máº§m non', 'TrÆ°á»ng cáº¥p 1', 'TrÆ°á»ng cáº¥p 2', 'Chá»£', 'Khu cÃ´ng nghiá»‡p', 'Khu dÃ¢n cÆ°', 'Cao tá»‘c', 'Bá»‡nh viá»‡n']",['ÄÆ°á»ng tráº£i nhá»±a'],Máº·t tiá»n,,,,,,,,32 m,,,
"11/07/2022, 15:51",4008,Pháº¡m ÄÃ¬nh Long,Äáº¥t ná»n dá»± Ã¡n,Äá»“ng Nai,Huyá»‡n Cáº©m Má»¹,XÃ£ LÃ¢m San,"DT 765, XÃ£ LÃ¢m San, Huyá»‡n Cáº©m Má»¹, Äá»“ng Nai",1.7 tá»·,1.7 triá»‡u/mÂ²,15401,1000 mÂ²,50 m,20 m,--,--,--,"Äáº¥t ná»n chá»‰ vá»›i 1.7ty/1000m2 nhÃ  vÆ°á»n hÃ²a nháº­p vá»›i thiÃªn nhiÃªn VIEW Há»’ SÃ”NG RAY Äá»’NG NAI 
Liá»n ká» khu dÃ¢n cÆ°, tiá»‡n Ã­ch Ä‘áº§y Ä‘á»§: trÆ°á»ng há»c, chá»£, siÃªu thá»‹ BÃ¡ch HÃ³a Xanh, Trung tÃ¢m hÃ nh chÃ­nh, nhÃ  thá»,â€¦
Äáº·c biá»‡t: 
- CÃ¡ch sÃ¢n bay LONG THÃ€NH chá»‰ 20p cháº¡y xe
- CÃ¡ch Ä‘iá»ƒm rÆ¡i cao tá»‘c 15p
- Gáº§n cÃ¡c KCN: CÃ¹ Bá»‹, Cáº©m Má»¹
- Cao tá»‘c Dáº§u GiÃ¢y â€“ Phan ThiÃªt cÃ¡ch trung tÃ¢m TP.HCM chá»‰ 30p Ä‘i cao tÃ´c => LÃ m tÄƒng gáº¥p Ä‘Ã´i giÃ¡ trá»‹ sáº£n pháº©m.
Háº¡ táº§ng: Ä‘Æ°á»ng nhá»±a, vá»‰a hÃ¨, cÃ¢y xanh, Ä‘iá»‡n chiáº¿u sÃ¡ng, cáº£nh quan,â€¦
PhÃ¡p lÃ½ Ä‘áº§y Ä‘á»§ rÃµ rÃ ng
LiÃªn há»‡ ngay Ä‘á»ƒ biáº¿t thÃªm chi tiáº¿t.",1657529498,Sá»• há»“ng,"['TrÆ°á»ng máº§m non', 'TrÆ°á»ng cáº¥p 1', 'TrÆ°á»ng cáº¥p 2', 'TrÆ°á»ng cáº¥p 3', 'Chá»£', 'SiÃªu thá»‹', 'Khu cÃ´ng nghiá»‡p', 'Gáº§n sÃ´ng', 'Khu dÃ¢n cÆ°', 'Cao tá»‘c']",['ÄÆ°á»ng tráº£i Ä‘Ã¡'],,,,,,,,,8 m,,,
"11/07/2022, 15:50",4007,Homei,Äáº¥t ná»n dá»± Ã¡n,Äá»“ng Nai,Huyá»‡n Cáº©m Má»¹,XÃ£ LÃ¢m San,"765, XÃ£ LÃ¢m San, Huyá»‡n Cáº©m Má»¹, Äá»“ng Nai",1.7 tá»·,1.7 triá»‡u/mÂ²,15400,1000 mÂ²,20 m,50 m,--,--,--,"BÃN Äáº¤T Cáº¨M Má»¸ : Gáº¦N CHá»¢, TRÆ¯á»œNG Há»ŒC, VIEW SÃ”NG Há»’ THOÃNG MÃT __ ÄÆ¯á»œNG 6M 
â— DIá»†N TÃCH : 1000M2 
â— Sá»” Há»’NG RIÃŠNG, Khu dÃ¢n cÆ° hiá»‡n há»¯u 
 gáº§n sÃ¢n bay Long ThÃ nh 
 Cao tá»‘c dáº§u giÃ¢y â€“ phan thiáº¿t.
â— GIÃ BÃN : 1tá»‰ 700triá»‡u THÆ¯Æ NG LÆ¯á»¢NG TRá»°C TIáº¾P.. 
LIÃŠN Há»† : zalo.",1657529401,Sá»• há»“ng,"['CÃ´ng viÃªn', 'T.T thÆ°Æ¡ng máº¡i', 'NhÃ  vÄƒn hÃ³a', 'SÃ¢n váº­n Ä‘á»™ng', 'TrÆ°á»ng cáº¥p 1', 'TrÆ°á»ng cáº¥p 2', 'Chá»£', 'SiÃªu thá»‹', 'Khu du lá»‹ch', 'Khu cÃ´ng nghiá»‡p', 'SÃ¢n bay', 'Gáº§n sÃ´ng', 'Gáº§n suá»‘i', 'Gáº§n rá»«ng', 'Gáº§n nÃºi', 'Khu dÃ¢n cÆ°', 'Cao tá»‘c', 'Bá»‡nh viá»‡n']","['ÄÆ°á»ng tráº£i nhá»±a', 'ÄÆ°á»ng Ä‘áº¥t', 'ÄÆ°á»ng bÃª tÃ´ng', 'ÄÆ°á»ng tráº£i Ä‘Ã¡']",Háº»m,,,,,,,,8 m,,,
"11/07/2022, 15:47",3664,ÄÃ¬nh Long,NhÃ  riÃªng,TP. Há»“ ChÃ­ Minh,Quáº­n BÃ¬nh Tháº¡nh,PhÆ°á»ng 5,"HoÃ ng Hoa ThÃ¡m, PhÆ°á»ng 5, Quáº­n BÃ¬nh Tháº¡nh, TP. Há»“ ChÃ­ Minh",8.5 tá»·,141.67 triá»‡u/mÂ²,15399,60 mÂ²,--,--,--,--,--,"BÃ¡n NhÃ  háº»m 4m Ä‘Æ°á»ng HoÃ ng Hoa ThÃ¡m, PhÆ°á»ng 5, Quáº­n BÃ¬nh Tháº¡nh. - DT: 4.3m x 14m. Sá»• CN: 60m2. ÄÃºc 1 Trá»‡t + 1 Lá»­ng + 3 Láº§u. . - ÄÆ°á»ng 4m ThÃ´ng, xe hÆ¡i tá»›i cá»­a. Vá»‹ TrÃ­ DÃ¢n TrÃ­ cao, thÃ­ch há»£p gia Ä‘Ã¬nh Ä‘Ã´ng ngÆ°á»i. GiÃ¡: 8.5 Tá»· cÃ²n TL. LH: ÄÃ¬nh Long Xem nhÃ .",1657529235,,,,,,,,,,,,,,,
"11/07/2022, 15:45",2873,Hien,Äáº¥t ná»n dá»± Ã¡n,TP. ÄÃ  Náºµng,Quáº­n LiÃªn Chiá»ƒu,PhÆ°á»ng HÃ²a Hiá»‡p Nam,"Nguyá»…n Táº¥t ThÃ nh, PhÆ°á»ng HÃ²a Hiá»‡p Nam, Quáº­n LiÃªn Chiá»ƒu, TP. ÄÃ  Náºµng",2.2 tá»·,22 triá»‡u/mÂ²,15398,100 mÂ²,--,--,--,--,--,"- Dá»± Ã¡n DRAGON CITY PARK. Vá»‹ trÃ­ dá»± Ã¡n: ÄÆ°á»ng sá»‘ 5 vÃ  Ä‘Æ°á»ng Nguyá»…n Táº¥t ThÃ nh ná»‘i dÃ i, quáº­n LiÃªn Chiá»ƒu. Quy mÃ´ : 78ha. Sáº£n Pháº©m : 200 lÃ´ biá»‡t thá»± , 2800 lÃ´ Ä‘áº¥t ná»n liá»n ká». Diá»‡n tÃ­ch : 85m - 90m - 100m - 125m -150m - 250m2. GiÃ¡ tÆ°Ì€ 2,2 -3 tyÌ‰/lÃ´ , khoaÌ‰ng 25-28tr/m. Sá»• Ä‘á» lÃ¢u dÃ i Dragon City Park lÃ  Dá»± Ã¡n cuá»‘i cÃ¹ng Ä‘Æ°á»£c bÃ¡n Ä‘áº¥t ná»n táº¡i Tp ÄÃ  Náºµng. Sá»Ÿ há»¯u má»™t vá»‹ trÃ­ cÃ³ thá»ƒ nÃ³i lÃ  Äáº®C Äá»ŠA HIáº¾M CÃ“ táº¡i Ä‘áº¥t lÃµi TRUNG TÃ‚M Má»šI cá»§a ÄÃ  thÃ nh. Há»‡ thá»‘ng tiá»‡n Ã­ch Ä‘a dáº¡ng Ä‘áº³ng cáº¥p mang Ä‘áº¿n TIÃŠU CHUáº¨N Sá»NG Ä‘áº­m cháº¥t THá»œI THÆ¯á»¢NG: Bá»ƒ bÆ¡i, quáº£ng trÆ°á»ng, clubhouse, khu vui chÆ¡i tráº» em, Há»“ cáº£nh quan... GiÃ¡ Ä‘áº¥t Ä‘ang thuá»™c vÃ¹ng TRÅ¨NG so vá»›i thÃ nh phá»‘ ÄÃ  Náºµng vÃ  cáº£ nÆ°á»›c. Dá»± Ã¡n Ä‘Æ°á»£c Ä‘á»‹nh hÆ°á»›ng trá»Ÿ thÃ nh khu Ä‘Ã´ thá»‹ má»›i Ä‘áº³ng cáº¥p cá»§a trung tÃ¢m TÃ¢y Báº¯c ÄÃ  Náºµng. - Äiá»ƒm Ä‘áº¿n má»›i cá»§a giá»›i tráº». *** Äáº¶C BIá»†T : QUY HOáº CH Háº  Táº¦NG KHU Vá»°C Vá»šI NHIá»€U Dá»° ÃN KHá»¦NG:. - VINPEAL LÃ€NG VÃ‚N quy mÃ´ 1500ha vá»›i tá»•ng vá»‘n Ä‘áº§u tÆ° lÃ  1,5 tá»· Ä‘Ã´. - Resort 5* Lancaster Nam Ã” .",1657529129,Há»£p Ä‘á»“ng mua bÃ¡n,"['CÃ´ng viÃªn', 'T.T thÆ°Æ¡ng máº¡i', 'NhÃ  vÄƒn hÃ³a', 'SÃ¢n váº­n Ä‘á»™ng', 'TrÆ°á»ng máº§m non', 'TrÆ°á»ng Äáº¡i há»c', 'Chá»£', 'SiÃªu thá»‹', 'Khu du lá»‹ch', 'Khu cÃ´ng nghiá»‡p', 'Gáº§n sÃ´ng', 'Khu dÃ¢n cÆ°']",['ÄÆ°á»ng tráº£i nhá»±a'],,,,,,,,,,,,
"11/07/2022, 15:44",4092,TrÆ°Æ¡ng Quá»‘c ToÃ n,CÄƒn há»™,TÃ¢y Ninh,TP. TÃ¢y Ninh,PhÆ°á»ng 2,"HÃ´Ì€ VÄƒn LÃ¢m, PhÆ°á»ng 2, TP. TÃ¢y Ninh, TÃ¢y Ninh",1.02 tá»·,20.48 triá»‡u/mÂ²,15397,50 mÂ²,--,--,ÄÃ´ng,2,2,"Cáº§n bÃ¡n cÄƒn há»™ chung cÆ° Golden City TÃ¢y Ninh. ViÌ£ triÌ: PhÆ°Æ¡Ì€ng 2, Tp TÃ¢y Ninh. Diá»‡n tÃ­ch: 50m2 -2PN -2WC. GiÃ¡ : 1tá»·024tr, bao hÃªÌt phiÌ, sÃ´Ì‰ hÃ´Ì€ng lÃ¢u daÌ€i. Táº§ng Ä‘áº¹p, thoÃ¡ng mÃ¡t, hÆ°á»›ng Ä‘Ã´ng view há»“ bÆ¡iâ€¦. Tiá»‡n Ã­ch: Há»“ BÆ¡i trong chung cÆ°, báº£o vá»‡ trá»±c 24/24,tháº» tá»« thang mÃ¡y, nhÃ  tráº», siÃªu thá»‹, nhÃ  thuá»‘c, cÃ´ng viÃªn cÃ¢y xanh, khu vui chÆ¡i tráº» em, coffeshop, Gym,Yoga, Spaâ€¦v.v .",1657529045,Há»£p Ä‘á»“ng mua bÃ¡n,"['CÃ´ng viÃªn', 'Há»“ bÆ¡i', 'SiÃªu thá»‹ mini', 'Chá»— Ä‘áº­u Ã´ tÃ´', 'T.T thÆ°Æ¡ng máº¡i', 'NhÃ  thiáº¿u nhi', 'NhÃ  vÄƒn hÃ³a', 'SÃ¢n váº­n Ä‘á»™ng', 'NhÃ  hÃ¡t', 'Ráº¡p chiáº¿u phim', 'TrÆ°á»ng máº§m non', 'TrÆ°á»ng cáº¥p 1', 'TrÆ°á»ng cáº¥p 2', 'TrÆ°á»ng cáº¥p 3', 'TrÆ°á»ng Äáº¡i há»c', 'Chá»£', 'SiÃªu thá»‹', 'Khu du lá»‹ch', 'Khu cÃ´ng nghiá»‡p', 'SÃ¢n bay', 'Cáº£ng biá»ƒn', 'Gáº§n sÃ´ng', 'Gáº§n suá»‘i', 'Gáº§n biá»ƒn', 'Gáº§n rá»«ng', 'Gáº§n nÃºi', 'Khu dÃ¢n cÆ°', 'Cao tá»‘c', 'Bá»‡nh viá»‡n']",,,TÃ¢y,2018,NhÃ  trá»‘ng,ChÆ°a sá»­ dá»¥ng,"['Chá»— Ä‘á»ƒ Ã´ tÃ´', 'Háº§m Ä‘á»ƒ xe', 'CÃ´ng viÃªn', 'Há»“ bÆ¡i chung', 'Ban cÃ´ng riÃªng', 'SiÃªu thá»‹ mini', 'T.T thÆ°Æ¡ng máº¡i', 'P. sinh hoáº¡t chung', 'PhÃ²ng táº­p gym', 'SÃ¢n chÆ¡i tráº» em', 'SÃ¢n nÆ°á»›ng BBQ', 'NhÃ  hÃ ng', 'CÃ  phÃª']","['ThÃ¢n thiá»‡n', 'TrÃ­ thá»©c']","['Báº£o vá»‡ 24/24', 'Carmera an ninh']",,,,"['Ká»‡ TV', 'Tá»§ trang trÃ­', 'BÃ n gháº¿ P.KhÃ¡ch', 'GiÆ°á»ng ngá»§', 'BÃ n pháº¥n', 'Tá»§ quáº§n Ã¡o', 'Tá»§ báº¿p', 'BÃ n Äƒn', 'MÃ¡y hÃºt mÃ¹i', 'BÃ¬nh nÃ³ng láº¡nh', 'Bá»“n táº¯m', 'VÃ²i hoa sen', 'Bá»“n rá»­a máº·t', 'MÃ¡y láº¡nh', 'MÃ¡y giáº·t', 'MÃ¡y rá»­a chÃ©n', 'DÃ n Karaoke', 'Tivi', 'Tá»§ láº¡nh']"
"11/07/2022, 15:42",2735,Thu Tháº¯m,CÄƒn há»™,TP. Há»“ ChÃ­ Minh,Quáº­n 8,PhÆ°á»ng 5,"854 Táº¡ Quang Bá»­u, PhÆ°á»ng 5, Quáº­n 8, TP. Há»“ ChÃ­ Minh",4.5 tá»·,51.72 triá»‡u/mÂ²,15396,87 mÂ²,--,--,ÄÃ´ng Nam,3,2,"BÃ¡n cÄƒn há»™ Central premium, 3PN, 87m2, mÃ£ cÄƒn B20.10 , hoÃ n thiá»‡n cao cáº¥p.
GiÃ¡: 4,5 tá»· (
NhÃ  má»›i chÆ°a qua sá»­ dá»¥ng.
Dá»± Ã¡n Ä‘áº§y Ä‘á»§ tiá»‡n Ã­ch, thuáº­n tiá»‡n Ä‘i láº¡i.",1657528927,Äang chá» sá»•,"['CÃ´ng viÃªn', 'Há»“ bÆ¡i', 'Chá»— Ä‘áº­u Ã´ tÃ´', 'T.T thÆ°Æ¡ng máº¡i', 'NhÃ  thiáº¿u nhi', 'NhÃ  vÄƒn hÃ³a', 'SÃ¢n váº­n Ä‘á»™ng', 'NhÃ  hÃ¡t', 'Ráº¡p chiáº¿u phim', 'TrÆ°á»ng máº§m non', 'TrÆ°á»ng cáº¥p 1', 'TrÆ°á»ng cáº¥p 2', 'TrÆ°á»ng cáº¥p 3', 'TrÆ°á»ng Äáº¡i há»c', 'Chá»£', 'SiÃªu thá»‹']",,Máº·t tiá»n,,,,ChÆ°a sá»­ dá»¥ng,"['Chá»— Ä‘á»ƒ Ã´ tÃ´', 'Háº§m Ä‘á»ƒ xe', 'CÃ´ng viÃªn', 'Há»“ bÆ¡i chung', 'Ban cÃ´ng riÃªng', 'T.T thÆ°Æ¡ng máº¡i', 'P. sinh hoáº¡t chung', 'PhÃ²ng táº­p gym', 'SÃ¢n chÆ¡i tráº» em', 'SÃ¢n nÆ°á»›ng BBQ', 'NhÃ  hÃ ng', 'CÃ  phÃª']","['ThÃ¢n thiá»‡n', 'TrÃ­ thá»©c']","['Báº£o vá»‡ 24/24', 'Carmera an ninh']",,,,"['Tá»§ quáº§n Ã¡o', 'Tá»§ báº¿p', 'MÃ¡y hÃºt mÃ¹i', 'BÃ¬nh nÃ³ng láº¡nh', 'Bá»“n táº¯m', 'VÃ²i hoa sen', 'Bá»“n rá»­a máº·t']"
"11/07/2022, 15:41",1676,Thá»§y TiÃªn,Äáº¥t bÃ¡n,Quáº£ng Nam,Huyá»‡n Äáº¡i Lá»™c,XÃ£ Äáº¡i Hiá»‡p,"QL14B, XÃ£ Äáº¡i Hiá»‡p, Huyá»‡n Äáº¡i Lá»™c, Quáº£ng Nam",780 triá»‡u,2.73 triá»‡u/mÂ²,15395,286 mÂ²,57 m,5 m,--,--,--,"BÃ¡n lÃ´ Ngay NGÃƒ BA Äáº I HIá»†P GIÃP HÃ’A KHÆ¯Æ NG. Diá»‡n tÃ­ch: 286m2 (5x57m). GiÃ¡ bÃ¡n 780tr. ÄÃ£ cÃ³ sá»•, cÃ´ng chá»©ng nhanh. ÄÆ°á»ng betong rá»™ng 5m thÃ´ng thoÃ¡ng. - SÃ¡t ranh giá»›i vá»›i ÄÃ  Náºµng, ra trung tÃ¢m ThÃ nh Phá»‘ chá»‰ 7km. - Vá»‹ trÃ­ náº±m sÃ¡t Quá»‘c lá»™ 14B. - Náº±m trong khu cÃ´ng nghiá»‡p Äáº¡i Hiá»‡p. - Khu dÃ¢n cÆ° Ä‘Ã´ng Ä‘Ãºc, quÃ¡n xÃ¡ nhá»™p nhá»‹p. Thuáº­n lá»£i Ä‘áº§u tÆ°, xÃ¢y nhÃ  á»Ÿ, xÃ¢y trá» cho thuÃª, má»Ÿ cá»­a hÃ ng kinh doanhâ€¦. Há»— trá»£ vay vá»‘n 50%. Äáº§u tÆ° giÃ¡ tá»‘t, tÃ­nh thanh khoáº£n cao.",1657528883,Sá»• há»“ng,"['TrÆ°á»ng cáº¥p 1', 'TrÆ°á»ng cáº¥p 2', 'Chá»£']",['ÄÆ°á»ng bÃª tÃ´ng'],,,,,,,,,5 m,,,
"11/07/2022, 15:40",4094,Mai Thanh Tung,NhÃ  riÃªng,BÃ¬nh DÆ°Æ¡ng,TP. DÄ© An,PhÆ°á»ng TÃ¢n ÄÃ´ng Hiá»‡p,"ÄÆ°á»ng sá»‘ 29, PhÆ°á»ng TÃ¢n ÄÃ´ng Hiá»‡p, TP. DÄ© An, BÃ¬nh DÆ°Æ¡ng",5 tá»·,67.57 triá»‡u/mÂ²,15394,74 mÂ²,--,--,--,4,3,"Cáº§n bÃ¡n nhÃ  1 láº§u má»›i diá»‡n tÃ­ch 74.5m2 khu dÃ¢n cÆ° TÃ¢n ÄÃ´ng Hiá»‡p Ä‘Æ°á»ng nhá»±a 8m gáº§n giÃ y ThÃ¡i BÃ¬nh.
- NhÃ  cÃ³ 1P khÃ¡ch, 1P báº¿p, 4P ngá»§, sÃ¢n Ä‘á»ƒ xe.
- CÃ¡ch Vincom 550 chá»‰ 1km, sÃ¡t KCN Vsip 1, khu cÃ´ng nghiá»‡p SÃ³ng Tháº§n.
- GiÃ¡: 5 tá»· thÆ°Æ¡ng lÆ°á»£ng chÃ­nh chá»§, sang tÃªn cÃ´ng chá»©ng Ä‘Æ°á»£c ngay.
ThÃ´ng tin hÃ¬nh áº£nh nhÆ° trÃªn lÃ  thá»±c táº¿.
LH.
 .",1657528857,Sá»• há»“ng,,['ÄÆ°á»ng tráº£i nhá»±a'],,,,,,,"['ThÃ¢n thiá»‡n', 'TrÃ­ thá»©c']",,8 m,2,,
"11/07/2022, 15:38",1676,Thá»§y TiÃªn,Äáº¥t bÃ¡n,Quáº£ng Nam,Huyá»‡n Äáº¡i Lá»™c,XÃ£ Äáº¡i Hiá»‡p,"QL14B, XÃ£ Äáº¡i Hiá»‡p, Huyá»‡n Äáº¡i Lá»™c, Quáº£ng Nam",669 triá»‡u,4.46 triá»‡u/mÂ²,15393,150 mÂ²,30 m,5 m,--,--,--,"2 lÃ´ liá»n ká» gáº§n ngÃ£ tÆ° HoÃ  KhÆ°Æ¡ng ÄÃ  Náºµng chá»‰ 669 triá»‡u. - Äáº¥t sÃ¡t Ä‘Æ°á»ng nhá»±a quá»‘c lá»™ 14B,sÃ¡t trung tÃ¢m khu phá»‘ chá»£. - Gáº§n 2 khu cÃ´ng nghiá»‡p cÃ³ thá»ƒ xÃ¢y trá» cho thuÃª. - Tiá»‡n Ã­ch xung quanh Ä‘áº§y Ä‘á»§: chá»£ , trÆ°á»ng há»c, á»§y ban, siÃªu thá»‹, sÃ¢n váº­n Ä‘á»™ng chá»‰ dÆ°á»›i 1km. - Thuáº­n lá»£i buÃ´n bÃ¡n, kinh doanh, má»Ÿ cá»­a hÃ ng , táº¡p hoÃ¡, nhÃ  nghá»‰ , khÃ¡ch sáº¡n, quÃ¡n Äƒn, kho xÆ°á»Ÿng â€¦. - CÃ³ sáºµn sá»• cÃ´ng chá»©ng liá»n. - Mua 2 lÃ´ thÆ°Æ¡ng lÆ°á»£ng máº¡nh. - Äáº£m báº£o Ä‘áº§u tÆ° sinh lá»i cao vÃ¬ gáº§n cÃ¡c khu cÃ´ng nghiá»‡p. -Há»— trá»£ vay ngÃ¢n hÃ ng 50% lÃ£i suáº¥t tháº¥p.",1657528715,Sá»• há»“ng,"['TrÆ°á»ng máº§m non', 'TrÆ°á»ng cáº¥p 1', 'TrÆ°á»ng cáº¥p 2', 'SiÃªu thá»‹']",['ÄÆ°á»ng bÃª tÃ´ng'],,,,,,,,,5 m,,,
"11/07/2022, 15:36",1737,Nguyá»…n NhÆ° TÃº,Biá»‡t thá»±,Thanh HÃ³a,TP. Sáº§m SÆ¡n,XÃ£ Quáº£ng HÃ¹ng,"ÄÆ°á»ng 4D, XÃ£ Quáº£ng HÃ¹ng, TP. Sáº§m SÆ¡n, Thanh HÃ³a",14 tá»·,63.64 triá»‡u/mÂ²,15392,220 mÂ²,14 m,16.5 m,ÄÃ´ng Báº¯c,5+,5+,"Vlasta VÄƒn PhÃº â€“ Kiáº¿n táº¡o khÃ´ng gian sá»‘ng bÃ¬nh yÃªn, sang trá»ng. NgÃ y cÃ ng ngÃ y, nhu cáº§u vá» cháº¥t lÆ°á»£ng cuá»™c sá»‘ng cá»§a ngÆ°á»i dÃ¢n cÃ ng Ä‘Æ°á»£c nÃ¢ng cao. Má»™t khÃ´ng gian sá»‘ng bÃ¬nh yÃªn, sang trá»ng ngay khu vá»±c trung tÃ¢m nhÆ° Vlasta VÄƒn PhÃº sáº½ lÃ  Ä‘iá»ƒm Ä‘áº¿n lÃ½ tÆ°á»Ÿng Ä‘á»ƒ kiáº¿n táº¡o tá»• áº¥m an lÃ nh cho gia Ä‘Ã¬nh. Vlasta Sáº§m SÆ¡n â€“ Khu Ä‘Ã´ thá»‹ Ä‘Ã¡ng sá»‘ng hÃ ng Ä‘áº§u táº¡i Thanh HÃ³a
Thá»i gian gáº§n Ä‘Ã¢y, tiÃªu chÃ­ cá»§a khÃ´ng gian sá»‘ng cÃ³ sá»± thay Ä‘á»•i. NhÃ  khÃ´ng chá»‰ lÃ  nÆ¡i Ä‘á»ƒ vá» sau má»—i ngÃ y lÃ m viá»‡c mÃ  cÃ²n pháº£i há»™i tá»¥ cÃ¡c tiÃªu chÃ­ cá»§a má»™t khÃ´ng gian nghá»‰ dÆ°á»¡ng, mang Ä‘áº¿n má»™t lá»‘i sá»‘ng tÃ­ch cá»±c, cháº¥t lÆ°á»£ng cao. Má»™t khÃ´ng gian sá»‘ng lÃ½ tÆ°á»Ÿng giá» Ä‘Ã¢y pháº£i Ä‘áº£m báº£o Ä‘Æ°á»£c cÃ¡c yáº¿u tá»‘ tá»«: vá»‹ trÃ­, khÃ´ng gian xanh cho Ä‘áº¿n cÃ¡c tiá»‡n Ã­ch xung quanh. Vlasta Sáº§m SÆ¡n Ä‘Æ°á»£c Ä‘áº§u tÆ° xÃ¢y dá»±ng bá»Ÿi thÆ°Æ¡ng hiá»‡u hÃ ng Ä‘áº§u trong lÄ©nh vá»±c phÃ¡t triá»ƒn báº¥t Ä‘á»™ng sáº£n â€“ VÄƒn PhÃº Invest, mang tá»›i má»™t há»‡ sinh thÃ¡i Ä‘áº³ng cáº¥p, sang trá»ng ngay bÃªn bá» biá»ƒn Sáº§m SÆ¡n. Tá»a láº¡c vá»‹ trÃ­ Ä‘áº¯c Ä‘á»‹a ngay cá»­a ngÃµ phÃ­a Nam ThÃ nh phá»‘ Sáº§m SÆ¡n, Vlasta Thanh HÃ³a hÆ°á»›ng máº·t ra biá»ƒn táº¡o khÃ´ng gian má»Ÿ vÃ´ táº­n Ä‘á»“ng thá»i Ä‘Ã³n nháº­n Ä‘Æ°á»£c nguá»“n nÄƒng lÆ°á»£ng tá»± nhiÃªn dá»“i dÃ o tá»« Ä‘áº¡i dÆ°Æ¡ng bao la. KhÃ´ng nhá»¯ng tháº¿, dá»± Ã¡n cÃ²n Ä‘Æ°á»£c Ä‘Ã¡nh giÃ¡ cao vá»›i há»‡ thá»‘ng cÆ¡ sá»Ÿ háº¡ táº§ng quy hoáº¡ch Ä‘á»“ng bá»™, há»‡ thá»‘ng cáº£nh quan, tiá»‡n Ã­ch Ä‘Æ°á»£c bá»‘ trÃ­ hÃ i hÃ²a, há»£p lÃ½. Quáº£ng trÆ°á»ng rá»™ng má»Ÿ hÆ°á»›ng tháº³ng ra biá»ƒn Ä‘Æ°á»£c thiáº¿t káº¿ vá»›i kiáº¿n trÃºc Ä‘á»™c Ä‘Ã¡o, nÆ¡i Ä‘Ã¢y sáº½ lÃ  nÆ¡i tá»• chá»©c nhiá»u hoáº¡t Ä‘á»™ng vÄƒn hÃ³a, lá»… há»™i trong nÄƒm, mang Ä‘áº¿n nhiá»u tráº£i nghiá»‡m thÃº vá»‹ vÃ  háº¥p dáº«n khÃ´ng chá»‰ cho cÆ° dÃ¢n Vlasta Sáº§m SÆ¡n mÃ  cÃ²n cáº£ du khÃ¡ch Ä‘áº¿n vá»›i nÆ¡i nÃ y. Táº­n hÆ°á»Ÿng cuá»™c nghá»‰ dÆ°á»¡ng dÃ i vÃ´ táº­n
Äá»‘i vá»›i cÃ¡c nhÃ  Ä‘áº§u tÆ° cÃ¡ nhÃ¢n, há» coi trá»ng nhá»¯ng cáº£m xÃºc, cáº£m nháº­n chÃ¢n thá»±c cá»§a mÃ¬nh khi tÃ¬m hiá»ƒu, trÃ´ng tháº¥y báº¥t Ä‘á»™ng sáº£n Ä‘Ã³. ÄÃ³ lÃ  má»™t trong nhá»¯ng tiÃªu chÃ­ quan trá»ng Ä‘á»ƒ quyáº¿t Ä‘á»‹nh cÃ³ gáº¯n bÃ³ vá»›i báº¥t Ä‘á»™ng sáº£n Ä‘Ã³ hay khÃ´ng. BÆ°á»›c vÃ o Vlasta Sáº§m SÆ¡n VÄƒn PhÃº, cÆ° dÃ¢n sáº½ cáº£m nháº­n Ä‘Æ°á»£c nhá»¯ng cáº£m xÃºc chÃ¢n thá»±c nháº¥t vá» má»™t khu nghá»‰ dÆ°á»¡ng sang trá»ng, tiá»‡n nghi chá»© khÃ´ng pháº£i khu nhÃ  á»Ÿ, Ä‘Ã´ thá»‹ thÃ´ng thÆ°á»ng. Táº¡i Ä‘Ã¢y, má»i thá»© Ä‘á»u Ä‘Æ°á»£c tháº¿t káº¿, bá»‘ trÃ­ cho hÃ²a há»£p vá»›i thiÃªn nhiÃªn, tá»« nhá»¯ng vÆ°á»n cÃ¢y xanh, cÃ´ng viÃªn sinh thÃ¡i cho Ä‘áº¿n quáº£ng trÆ°á»ng trung tÃ¢m,â€¦ táº¥t cáº£ Ä‘á»u hÃ i hÃ²a vá»›i nhau má»™t cÃ¡c ráº¥t má»›i, ráº¥t hiá»‡n Ä‘áº¡i. Vlasta Sáº§m SÆ¡n Ä‘Æ°á»£c xÃ¢y dá»±ng vá»›i quy mÃ´ 28.6ha, vá»›i máº­t Ä‘á»™ xÃ¢y dá»±ng khÃ´ng quÃ¡ 40%, hoÃ n toÃ n Ä‘Ã¡p á»©ng Ä‘Æ°á»£c nhu cáº§u sá»‘ng xanh mÃ  cÃ¡c khÃ¡ch hÃ ng Ä‘ang tÃ¬m kiáº¿m. Há»™i tá»¥ nhá»¯ng Æ°u tháº¿ vÆ°á»£t trá»™i, dá»± Ã¡n Vlasta Sáº§m SÆ¡n Thanh HÃ³a há»©a háº¹n sáº½ trá»Ÿ thÃ nh Ä‘iá»ƒm sÃ¡ng an cÆ° dÃ nh cho má»i khÃ¡ch hÃ ng thÃ´ng thÃ¡i.",1657528603,Sá»• Ä‘á»,"['CÃ´ng viÃªn', 'Há»“ bÆ¡i', 'SiÃªu thá»‹ mini', 'Chá»— Ä‘áº­u Ã´ tÃ´', 'T.T thÆ°Æ¡ng máº¡i', 'NhÃ  vÄƒn hÃ³a', 'Ráº¡p chiáº¿u phim', 'Chá»£', 'SiÃªu thá»‹', 'Khu du lá»‹ch', 'Cáº£ng biá»ƒn', 'Gáº§n sÃ´ng', 'Gáº§n biá»ƒn', 'Gáº§n nÃºi', 'Khu dÃ¢n cÆ°', 'Cao tá»‘c']",['ÄÆ°á»ng tráº£i nhá»±a'],Máº·t tiá»n,,,NhÃ  trá»‘ng,ChÆ°a sá»­ dá»¥ng,,"['ThÃ¢n thiá»‡n', 'TrÃ­ thá»©c']","['Báº£o vá»‡ 24/24', 'Carmera an ninh']",13 m,3,,
"11/07/2022, 15:33",4092,TrÆ°Æ¡ng Quá»‘c ToÃ n,CÄƒn há»™,TP. Há»“ ChÃ­ Minh,Huyá»‡n HÃ³c MÃ´n,XÃ£ Trung ChÃ¡nh,"XÃ£ Trung ChÃ¡nh, Huyá»‡n HÃ³c MÃ´n, TP. Há»“ ChÃ­ Minh",1.2 tá»·,17.14 triá»‡u/mÂ²,15391,70 mÂ²,--,--,TÃ¢y,2,2,"ğŸ’¥Cáº§n bÃ¡n cÄƒn há»™ chung cÆ° HQC Hocmon. ğŸŒ¼ ViÌ£ triÌ: ÄÃ´Ìi diÃªÌ£n chÆ¡Ì£ NÃ´ng saÌ‰n Hocmon. ğŸ¥°Diá»‡n tÃ­ch: 70m2 -2PN -2WC. ğŸ’¥ GiÃ¡ : 1.2tá»· bao hÃªÌt phiÌ, sÃ´Ì‰ hÃ´Ì€ng lÃ¢u daÌ€i. ğŸ”¥ Táº§ng Ä‘áº¹p, thoÃ¡ng mÃ¡t, hÆ°á»›ng Ä‘Ã´ng view há»“ bÆ¡iâ€¦. ğŸ˜Tiá»‡n Ã­ch: Há»“ BÆ¡i trong chung cÆ°, báº£o vá»‡ trá»±c 24/24,tháº» tá»« thang mÃ¡y, nhÃ  tráº», siÃªu thá»‹, nhÃ  thuá»‘c, cÃ´ng viÃªn cÃ¢y xanh, khu vui chÆ¡i tráº» em, coffeshop, Gym,Yoga, Spaâ€¦v.v .",1657528417,Há»£p Ä‘á»“ng mua bÃ¡n,"['CÃ´ng viÃªn', 'Há»“ bÆ¡i', 'SiÃªu thá»‹ mini', 'Chá»— Ä‘áº­u Ã´ tÃ´', 'T.T thÆ°Æ¡ng máº¡i', 'NhÃ  thiáº¿u nhi', 'NhÃ  vÄƒn hÃ³a', 'SÃ¢n váº­n Ä‘á»™ng', 'NhÃ  hÃ¡t', 'Ráº¡p chiáº¿u phim', 'TrÆ°á»ng máº§m non', 'TrÆ°á»ng cáº¥p 1', 'TrÆ°á»ng cáº¥p 2', 'TrÆ°á»ng cáº¥p 3', 'TrÆ°á»ng Äáº¡i há»c', 'Chá»£', 'SiÃªu thá»‹', 'Khu du lá»‹ch', 'Khu cÃ´ng nghiá»‡p', 'SÃ¢n bay', 'Cáº£ng biá»ƒn', 'Gáº§n sÃ´ng', 'Gáº§n suá»‘i', 'Gáº§n biá»ƒn', 'Gáº§n rá»«ng', 'Gáº§n nÃºi', 'Khu dÃ¢n cÆ°', 'Cao tá»‘c', 'Bá»‡nh viá»‡n']",,Máº·t tiá»n,ÄÃ´ng,,NhÃ  trá»‘ng,ÄÃ£ qua sá»­ dá»¥ng,"['Chá»— Ä‘á»ƒ Ã´ tÃ´', 'Háº§m Ä‘á»ƒ xe', 'CÃ´ng viÃªn', 'Há»“ bÆ¡i chung', 'Ban cÃ´ng riÃªng', 'SiÃªu thá»‹ mini', 'T.T thÆ°Æ¡ng máº¡i', 'P. sinh hoáº¡t chung', 'PhÃ²ng táº­p gym', 'SÃ¢n chÆ¡i tráº» em', 'SÃ¢n nÆ°á»›ng BBQ', 'NhÃ  hÃ ng', 'CÃ  phÃª']","['ThÃ¢n thiá»‡n', 'TrÃ­ thá»©c']","['Báº£o vá»‡ 24/24', 'Carmera an ninh']",,,,"['Ká»‡ TV', 'Tá»§ trang trÃ­', 'BÃ n gháº¿ P.KhÃ¡ch', 'GiÆ°á»ng ngá»§', 'BÃ n pháº¥n', 'Tá»§ quáº§n Ã¡o', 'Tá»§ báº¿p', 'BÃ n Äƒn', 'MÃ¡y hÃºt mÃ¹i', 'BÃ¬nh nÃ³ng láº¡nh', 'Bá»“n táº¯m', 'VÃ²i hoa sen', 'Bá»“n rá»­a máº·t', 'MÃ¡y láº¡nh', 'MÃ¡y giáº·t', 'MÃ¡y rá»­a chÃ©n', 'DÃ n Karaoke', 'Tivi', 'Tá»§ láº¡nh']"
"11/07/2022, 15:33",2971,Nháº­t Lá»‡,Shop-house,Báº¯c Ninh,Huyá»‡n YÃªn Phong,Thá»‹ tráº¥n Chá»,"Thá»‹ tráº¥n Chá», Huyá»‡n YÃªn Phong, Báº¯c Ninh",7 tá»·,70 triá»‡u/mÂ²,15390,100 mÂ²,--,--,--,--,--,"'ChÃ­nh chá»§ cáº§n bÃ¡n nhÃ  phá»‘ liá»n ká» Äáº¡i Ä‘Ã´ thá»‹ Kim ÄÃ´ Polocity .
Náº±m phÃ­a tÃ¢y thá»‹ tráº¥n chá» - Báº¯c Ninh.
Diá»‡n TÃ­ch :100 m2
GiÃ¡ :7 tá»· .",1657528412,,,,,,,,,,,,,,,
"11/07/2022, 15:25",4091,LÃª Thá»‹ Thoa,Äáº¥t bÃ¡n,TÃ¢y Ninh,TP. TÃ¢y Ninh,XÃ£ Tháº¡nh TÃ¢n,"XÃ£ Tháº¡nh TÃ¢n, TP. TÃ¢y Ninh, TÃ¢y Ninh",6 tá»·,952 nghÃ¬n/mÂ²,15388,6300 mÂ²,200 m,30 m,--,--,--,LÃ´ Ä‘áº¥t ngay TP TÃ¢y Ninh Ä‘oáº¡n Ä‘Æ°á»ng lÃªn nÃºi BÃ  Ä‘Æ°á»ng hiá»‡n táº¡i 8m. Diá»‡n tÃ­ch: ngang 30m dÃ i 200m. Diá»‡n tÃ­ch 6300m2 cÃ³ 300m2 thá»• Ä‘Ã£ phá»§ há»“ng háº¿t Ä‘áº¥t khÃ¡ch mua chá»‰ cáº§n thÃªm chÆ°a Ä‘áº¿n 100tr lÃ  lÃªn full thá»•. Hiá»‡n cÃ³ nhÃ  cáº¥p 4 trÃªn Ä‘áº¥t vÃ  Ä‘ang trá»“ng mÃ£ng cáº§u cho ngÆ°á»i dÃ¢n thuÃª hÆ¡n 100tr/nÄƒm. .,1657527945,,,,Máº·t tiá»n,,,,,,,,,,,
"11/07/2022, 15:24",4093,VÃµ Quá»‘c Huy,Shop-house,Thá»«a ThiÃªn Huáº¿,TP. Huáº¿,PhÆ°á»ng An ÄÃ´ng,"VÃµ NguyÃªn GiÃ¡p, PhÆ°á»ng An ÄÃ´ng, TP. Huáº¿, Thá»«a ThiÃªn Huáº¿",3.2 tá»·,15.84 triá»‡u/mÂ²,15387,202 mÂ²,21 m,10 m,ÄÃ´ng,4,4,"CÄƒn gÃ³c Shophouse giáº¥ Æ°u Ä‘Ã£i táº¡i PhÃº XuÃ¢n City, tiáº¿t kiá»‡m ngay 1,3 tá»·. Vá»‹ trÃ­: Liá»n ká» trá»¥c Tá» Há»®U - VÃ• NGUYÃŠN GIÃP, trá»±c diá»‡n Quáº£ng TrÆ°á»ng - Khu hÃ nh chÃ­nh táº­p trung Tá»‰nh. Äá»‘i diá»‡n tá»• há»£p thÆ°Æ¡ng máº¡i dá»‹ch vá»¥ cao cáº¥p cá»§a táº­p Ä‘oÃ n DOJI nghiÃªn cá»©u Ä‘áº§u tÆ° táº¡i Huáº¿.
 CHá»ˆ Tá»ª 3.2tá»· (20%) Äá»‚ Sá» Há»®U NGAY NHÃ€ SHOPHOUSE PHÃš XUÃ‚N CITY.
 ChÃ­nh sÃ¡ch Há»— trá»£ sang nhÆ°á»£ng Há»£p Ä‘á»“ng khi thanh toÃ¡n Ä‘á»§ 20% vÃ  KÃ½ HÄMB, cÆ¡ há»™i 'lÆ°á»›t sÃ³ng' Ä‘áº§u tÆ° khÃ´ng thá»ƒ bá» lá»¡.
 ChÆ°Æ¡ng trÃ¬nh Ã¢n háº¡n ná»£ gá»‘c lÃªn tá»›i 6 thÃ¡ng ká»ƒ tá»« ngÃ y kÃ½ HÄMB (30%).
 NgÃ¢n hÃ ng QuÃ¢n Äá»™i MB há»— trá»£ 70%/tá»•ng giÃ¡ trá»‹ sáº£n pháº©m.
 Tiáº¿n Ä‘á»™ thanh toÃ¡n chia thÃ nh 10 Ä‘á»£t, má»—i Ä‘á»£t Ä‘Ã³ng 10%.
 ChÆ°Æ¡ng trÃ¬nh chiáº¿t kháº¥u lÃªn tá»›i 6% dÃ nh cho khÃ¡ch hÃ ng thanh toÃ¡n nhanh.
 Cá»T Ná»€N cao hÆ¡n 45cm so vá»›i trá»¥c VÃµ NguyÃªn GiÃ¡p; NÃ³i â€œKhÃ´ng vá»›i Lá»¥tâ€.
 Äáº¶C BIá»†T: PhÃ¡p lÃ½ rÃµ rÃ ng. Shophouse PhÃº XuÃ¢n City bÃ n giao nhÃ  thÃ´ hoÃ n thiá»‡n máº·t ngoÃ i gá»“m 167 cÄƒn theo phong cÃ¡ch kiáº¿n trÃºc tÃ¢n cá»• Ä‘iá»ƒn. ToÃ n bá»™ há»‡ cá»­a sá»­ dá»¥ng há»‡ nhÃ´m kÃ­nh Xingfa, tÆ°á»ng ngoÃ i Ä‘Æ°á»£c sÆ¡n cao cáº¥p. Vá»›i káº¿t cáº¥u xÃ¢y dá»±ng TÆ¯á»œNG RIÃŠNG - MÃ“NG RIÃŠNG gá»“m thang bá»™ vÃ  thang mÃ¡y chá» hoáº·c khÃ¡ch hÃ ng khÃ´ng sá»­ dá»¥ng thang mÃ¡y thÃ¬ chuyá»ƒn Ä‘á»•i cÃ´ng nÄƒng khÃ´ng gian giáº¿ng trá»i láº¥y Ã¡nh sÃ¡ng tá»± nhiÃªn tá»« táº§ng mÃ¡i cho toÃ n cÄƒn nhÃ .
 Hiá»‡n táº¡i vá»‰a hÃ¨ Ä‘ang Ä‘á»• bÃª tÃ´ng máº·t ná»n chuáº©n bá»‹ lÃ¡t Ä‘Ã¡ tá»± nhiÃªn. Chá»§ Ä‘áº§u tÆ° lá»±u chá»n máº«u Ä‘Ã¡ tá»± nhiÃªn phÃ¹ há»£p vá»›i thá»i tiáº¿t Ä‘áº·c trÆ°ng á»Ÿ Huáº¿. Äá»“ng thá»i káº¿t cáº¥u tÆ°á»ng sá»­ dá»¥ng gáº¡ch Ä‘áº·c Tuynel nung vÃ  Ä‘á»™ dÃ y tÆ°á»ng 22 phÃ¢n.
 LiÃªn há»‡ ngay Ä‘áº¡i lÃ½ phÃ¢n phá»‘i Ä‘á»™c quyá»n Ä‘á»ƒ Ä‘Æ°á»£c cáº­p nháº­t nhá»¯ng thÃ´ng tin má»›i nháº¥t vá» Shophouse Phu Xuan City vÃ  cÃ¡c chÃ­nh sÃ¡ch Æ°u Ä‘Ã£i háº¥p dáº«n.
LiÃªn há»‡ PKD Äá»™c Quyá»n:
(Mr. Huy)
#phuxuancity #phuxuancityhue #nhapho #nhaphophuxuancity
#shophouse #shophousephuxuancity.",1657527894,Sá»• há»“ng,"['CÃ´ng viÃªn', 'Há»“ bÆ¡i', 'SiÃªu thá»‹ mini', 'Chá»— Ä‘áº­u Ã´ tÃ´', 'T.T thÆ°Æ¡ng máº¡i', 'TrÆ°á»ng máº§m non', 'Chá»£', 'Gáº§n sÃ´ng']",['ÄÆ°á»ng tráº£i nhá»±a'],Máº·t tiá»n,,,NhÃ  trá»‘ng,ChÆ°a sá»­ dá»¥ng,"['Chá»— Ä‘á»ƒ Ã´ tÃ´', 'Háº§m Ä‘á»ƒ xe', 'CÃ´ng viÃªn', 'Há»“ bÆ¡i chung', 'Ban cÃ´ng riÃªng', 'SiÃªu thá»‹ mini', 'T.T thÆ°Æ¡ng máº¡i', 'P. sinh hoáº¡t chung', 'PhÃ²ng táº­p gym', 'SÃ¢n chÆ¡i tráº» em', 'SÃ¢n nÆ°á»›ng BBQ', 'NhÃ  hÃ ng', 'CÃ  phÃª']","['ThÃ¢n thiá»‡n', 'TrÃ­ thá»©c']","['Báº£o vá»‡ 24/24', 'Carmera an ninh']",,4,,
"11/07/2022, 15:24",4092,TrÆ°Æ¡ng Quá»‘c ToÃ n,CÄƒn há»™,TP. Há»“ ChÃ­ Minh,TP. Thá»§ Äá»©c,PhÆ°á»ng BÃ¬nh TrÆ°ng ÄÃ´ng,"PhÆ°á»ng BÃ¬nh TrÆ°ng ÄÃ´ng, TP. Thá»§ Äá»©c, TP. Há»“ ChÃ­ Minh",1.7 tá»·,32.69 triá»‡u/mÂ²,15386,52 mÂ²,--,--,ÄÃ´ng,2,2,"ğŸ’¥Cáº§n bÃ¡n cÄƒn há»™ chung cÆ° HQC BiÌ€nh TrÆ°ng ÄÃ´ng. ğŸŒ¼ ViÌ£ triÌ: KDC BiÌ€nh TrÆ°ng ÄÃ´ng, Q2. ğŸ¥°Diá»‡n tÃ­ch: 52m2 -2PN -2WC. ğŸ’¥ GiÃ¡ : 1.7tá»· bao hÃªÌt phiÌ, sÃ´Ì‰ hÃ´Ì€ng lÃ¢u daÌ€i. ğŸ”¥ Táº§ng Ä‘áº¹p, thoÃ¡ng mÃ¡t, hÆ°á»›ng Ä‘Ã´ng view há»“ bÆ¡iâ€¦. ğŸ˜Tiá»‡n Ã­ch: Há»“ BÆ¡i trong chung cÆ°, báº£o vá»‡ trá»±c 24/24,tháº» tá»« thang mÃ¡y, nhÃ  tráº», siÃªu thá»‹, nhÃ  thuá»‘c, cÃ´ng viÃªn cÃ¢y xanh, khu vui chÆ¡i tráº» em, coffeshop, Gym,Yoga, Spaâ€¦v.v .",1657527840,Há»£p Ä‘á»“ng mua bÃ¡n,"['CÃ´ng viÃªn', 'Há»“ bÆ¡i', 'SiÃªu thá»‹ mini', 'Chá»— Ä‘áº­u Ã´ tÃ´', 'T.T thÆ°Æ¡ng máº¡i', 'NhÃ  thiáº¿u nhi', 'NhÃ  vÄƒn hÃ³a', 'SÃ¢n váº­n Ä‘á»™ng', 'NhÃ  hÃ¡t', 'Ráº¡p chiáº¿u phim', 'TrÆ°á»ng máº§m non', 'TrÆ°á»ng cáº¥p 1', 'TrÆ°á»ng cáº¥p 2', 'TrÆ°á»ng cáº¥p 3', 'TrÆ°á»ng Äáº¡i há»c', 'Chá»£', 'SiÃªu thá»‹', 'Khu du lá»‹ch', 'Khu cÃ´ng nghiá»‡p', 'SÃ¢n bay', 'Cáº£ng biá»ƒn', 'Gáº§n sÃ´ng', 'Gáº§n suá»‘i', 'Gáº§n biá»ƒn', 'Gáº§n rá»«ng', 'Gáº§n nÃºi', 'Khu dÃ¢n cÆ°', 'Cao tá»‘c', 'Bá»‡nh viá»‡n']",,Máº·t tiá»n,TÃ¢y,2018,NhÃ  trá»‘ng,ChÆ°a sá»­ dá»¥ng,"['Chá»— Ä‘á»ƒ Ã´ tÃ´', 'Háº§m Ä‘á»ƒ xe', 'CÃ´ng viÃªn', 'Há»“ bÆ¡i chung', 'Ban cÃ´ng riÃªng', 'SiÃªu thá»‹ mini', 'T.T thÆ°Æ¡ng máº¡i', 'P. sinh hoáº¡t chung', 'PhÃ²ng táº­p gym', 'SÃ¢n chÆ¡i tráº» em', 'SÃ¢n nÆ°á»›ng BBQ', 'NhÃ  hÃ ng', 'CÃ  phÃª']","['ThÃ¢n thiá»‡n', 'TrÃ­ thá»©c']","['Báº£o vá»‡ 24/24', 'Carmera an ninh']",,,,"['Ká»‡ TV', 'Tá»§ trang trÃ­', 'BÃ n gháº¿ P.KhÃ¡ch', 'GiÆ°á»ng ngá»§', 'BÃ n pháº¥n', 'Tá»§ quáº§n Ã¡o', 'Tá»§ báº¿p', 'BÃ n Äƒn', 'MÃ¡y hÃºt mÃ¹i', 'BÃ¬nh nÃ³ng láº¡nh', 'Bá»“n táº¯m', 'VÃ²i hoa sen', 'Bá»“n rá»­a máº·t', 'MÃ¡y láº¡nh', 'MÃ¡y giáº·t', 'MÃ¡y rá»­a chÃ©n', 'DÃ n Karaoke', 'Tivi', 'Tá»§ láº¡nh']"
"11/07/2022, 15:21",1784,LÃ¨ng Báº£o Trá»ng,Äáº¥t bÃ¡n,LÃ¢m Äá»“ng,Huyá»‡n Äá»©c Trá»ng,Thá»‹ tráº¥n LiÃªn NghÄ©a,"Cao BÃ¡ QuÃ¡t, Thá»‹ tráº¥n LiÃªn NghÄ©a, Huyá»‡n Äá»©c Trá»ng, LÃ¢m Äá»“ng",1.35 tá»·,11.44 triá»‡u/mÂ²,15385,118 mÂ²,23 m,5 m,TÃ¢y Nam,--,--,"BÃ¡n Ä‘áº¥t vá»‹ trÃ­, ngay gáº§n cá»•ng sÃ¢n bay LiÃªn KhÆ°Æ¡ng, LiÃªn NghÄ©a, Äá»©c Trá»ng, LÃ¢m Äá»“ng. - Diá»‡n TÃ­ch: 5x23m2 tá»•ng diá»‡n tÃ­ch 118m2, 50m2 thá»• cÆ°
- HÆ°á»›ng: TÃ¢y nam
- Vá»‹ TrÃ­: ÄÆ°á»ng quá»‘c lá»™ 20 vÃ o Cao BÃ¡ QuÃ¡t 100m, Ä‘áº¥t máº·t tiá»n Ä‘Æ°á»ng bÃª tÃ´ng 6m gáº§n ngay sÃ¢n bay, trung tÃ¢m thá»‹ tráº¥n, gáº§n trÆ°á»ng há»c, Ä‘áº§y Ä‘á»§ tiá»‡n Ã­ch
- GiÃ¡: 1ty350 chá»‘t nhanh cÃ³ lá»™c cho khÃ¡ch thiá»‡n chÃ­
- ThÃ­ch há»£p: Ä‘á»ƒ xÃ¢y nhÃ  á»Ÿ, giÃ nh cho cÃ¡c nhÃ  Ä‘áº§u tÆ° bao lá»£i nhuáº­n
- LiÃªn há»‡ Trá»ng Ä‘i xem Ä‘áº¥t.",1657527695,Sá»• há»“ng,"['CÃ´ng viÃªn', 'TrÆ°á»ng cáº¥p 2', 'TrÆ°á»ng cáº¥p 3', 'Chá»£', 'Khu du lá»‹ch', 'SÃ¢n bay', 'Gáº§n sÃ´ng', 'Khu dÃ¢n cÆ°']",,Háº»m,,,,,,,,6 m,,,
"11/07/2022, 15:18",2172,Ngá»c Nhung,NhÃ  riÃªng,TP. Há»“ ChÃ­ Minh,Quáº­n PhÃº Nhuáº­n,PhÆ°á»ng 11,"Nguyá»…n ÄÃ¬nh ChÃ­nh, PhÆ°á»ng 11, Quáº­n PhÃº Nhuáº­n, TP. Há»“ ChÃ­ Minh",4.7 tá»·,156.67 triá»‡u/mÂ²,15384,30 mÂ²,--,--,--,--,--,"- NhÃ  bÃ¡n Nguyá»…n ÄÃ¬nh ChÃ­nh, PhÆ°á»ng 11, Quáº­n PhÃº Nhuáº­n. - DT: 3.4 x 9m, cÃ´ng nháº­n 28m2. - Thiáº¿t káº¿ Trá»‡t + 2 Láº§u. 2pn + 2wc. NhÃ  má»›i dá»n vÃ o á»Ÿ ngay. - Háº»m trÆ°á»›c nhÃ  3.5m xe hÆ¡i Ä‘áº­u cá»­a, khu an ninh, sáº¡ch sáº», thoÃ¡ng mÃ¡t,.. - NhÃ  hÆ°á»›ng TÃ¢y Nam. - BÃ¡n: 4 tá»· 700 triá»‡u (thÆ°Æ¡ng lÆ°á»£ng). - Ngá»c Nhung (zalo / Ä‘t) xem nhÃ .",1657527517,,,,,,,,,,,,,,,
"11/07/2022, 15:16",3690,Tuáº¥n Kháº£i,Biá»‡t thá»±,TP. Há»“ ChÃ­ Minh,TP. Thá»§ Äá»©c,PhÆ°á»ng TÄƒng NhÆ¡n PhÃº A,"PhÆ°á»ng TÄƒng NhÆ¡n PhÃº A, Tp. Thá»§ Äá»©c, TP. Há»“ ChÃ­ Minh",5.1 tá»·,42.5 triá»‡u/mÂ²,14488,120 mÂ²,--,7 m,--,2,3," MÃ´ táº£ :
+ NhÃ  gá»“m: 1 Trá»‡t 1 Láº§u BTCT.
Gá»“m 2 PhÃ²ng ngá»§, 3 PhÃ²ng WC .
Ban cÃ´ng cá»±c thoÃ¡ng mÃ¡t. GiÃ¡ chá»‰ 5.6 Tá»· trÃ²n.
+ NhÃ  má»›i xÃ¢y theo kiá»ƒu Biá»‡t Thá»± Mini ráº¥t Ä‘áº¹p, kiÃªn cá»‘. Ná»™i tháº¥t gá»— tá»± nhiÃªn, cÃ¡c thiáº¿t bá»‹ cao cáº¥p, cá»±c hiá»‡n Ä‘áº¡i. NhÃ  cÃ³ sÃ¢n Ä‘á»ƒ xe hÆ¡i, sÃ¢n vÆ°á»n sau nhÃ , khÃ´ng gian thoÃ¡ng mÃ¡t.
+ Cáº¡nh khu dÃ¢n cÆ° an ninh, yÃªn tÄ©nh.
+ Xung quanh tiá»‡n Ã­ch Ä‘áº§y Ä‘á»§.
+ Sá»• há»“ng riÃªng, hoÃ n cÃ´ng Ä‘áº§y Ä‘á»§, cÃ´ng chá»©ng ngay.",1657182638,,"['TrÆ°á»ng máº§m non', 'TrÆ°á»ng cáº¥p 1', 'TrÆ°á»ng cáº¥p 2', 'TrÆ°á»ng Äáº¡i há»c', 'Chá»£', 'Khu dÃ¢n cÆ°']",['ÄÆ°á»ng tráº£i nhá»±a'],Máº·t tiá»n,,,Äáº§y Ä‘á»§ ná»™i tháº¥t,ÄÃ£ qua sá»­ dá»¥ng,,"['ThÃ¢n thiá»‡n', 'TrÃ­ thá»©c']",,,1,,"['Ká»‡ TV', 'Tá»§ trang trÃ­', 'BÃ n gháº¿ P.KhÃ¡ch', 'GiÆ°á»ng ngá»§', 'BÃ n Äƒn', 'MÃ¡y giáº·t', 'MÃ¡y rá»­a chÃ©n']"
"11/07/2022, 15:14",3690,Tuáº¥n Kháº£i,NhÃ  riÃªng,TP. Há»“ ChÃ­ Minh,TP. Thá»§ Äá»©c,PhÆ°á»ng Hiá»‡p PhÃº,"PhÆ°á»ng Hiá»‡p PhÃº, TP. Thá»§ Äá»©c, TP. Há»“ ChÃ­ Minh",2.9 tá»·,41.43 triá»‡u/mÂ²,15383,70 mÂ²,--,--,Nam,2,2,"MiÃªu táº£:. NhÃ  1 láº§u, dt 70m2 ná»™i tháº¥t Ä‘áº§y Ä‘á»§, má»›i tinh -> chá»‰ cáº§n sÃ¡ch vali vÃ o vÃ  á»Ÿ thÃ´i. Gáº§n khu dÃ¢n cÆ° trÆ°á»ng há»c, tráº¡m y táº¿.... Di chuyá»ƒn vÃ o ná»™i thÃ nh thÃ nh phá»‘ Há»“ ChÃ­ Minh vÃ´ cÃ¹ng dá»… dÃ ng. Táº§ng trá»‡t cÃ³ thá»ƒ buÃ´n bÃ¡n cÃ¡c hÃ ng Äƒn uá»‘ng. LiÃªn há»‡ ChuyÃªn gia XuÃ¢n TrÆ°á»ng Ä‘á»ƒ Ä‘Æ°á»£c há»— trá»£ táº­n tÃ¬nh.",1657527112,Há»£p Ä‘á»“ng mua bÃ¡n,"['TrÆ°á»ng máº§m non', 'TrÆ°á»ng cáº¥p 1', 'TrÆ°á»ng cáº¥p 2', 'TrÆ°á»ng Äáº¡i há»c', 'Chá»£', 'SiÃªu thá»‹']",['ÄÆ°á»ng tráº£i nhá»±a'],Háº»m,,,Äáº§y Ä‘á»§ ná»™i tháº¥t,ÄÃ£ qua sá»­ dá»¥ng,,['ThÃ¢n thiá»‡n'],['Báº£o vá»‡ 24/24'],5 m,2,,"['BÃ n Äƒn', 'BÃ¬nh nÃ³ng láº¡nh', 'MÃ¡y giáº·t', 'Tivi']"
"11/07/2022, 15:12",3600,BÃ¹i Há»¯u NghÄ©a,Äáº¥t bÃ¡n,Äá»“ng Nai,Huyá»‡n Äá»‹nh QuÃ¡n,Thá»‹ tráº¥n Äá»‹nh QuÃ¡n,"Thá»‹ tráº¥n Äá»‹nh QuÃ¡n, Huyá»‡n Äá»‹nh QuÃ¡n, Äá»“ng Nai",750 triá»‡u,739 nghÃ¬n/mÂ²,13172,1015 mÂ²,41 m,46 m,--,--,--,"- ChÃ­nh chá»§ cáº§n bÃ¡n 4050m2 Ä‘áº¥t giÃ¡p há»“ Trá»‹ An Gáº§n khu vá»±c chá»£ dÃ¢n cÆ° sáº§m uáº¥t Ä‘Æ°á»ng bÃª tÃ´ng 6m Ä‘i vÃ o tá»›i Ä‘áº¥t LH. 0918.19.49.( SÃ¡u Hai). - Tá»a láº¡c táº¡i PhÃº CÆ°á»ng, gáº§n khu cÃ´ng nghiá»‡p Äá»‹nh QuÃ¡n,Äá»“ng Nai, sÃ¡t vá»›i UBND. QL.20 Ä‘i vÃ o hÆ¡n 700m lÃ  tá»›i Ä‘áº¥t . - Vá»‹ trÃ­ gáº§n khu dÃ¢n cÆ° UBND VÃ  chá»£ tiá»‡n Ä‘á»ƒ Ä‘áº§u tÆ° xÃ¢y nhÃ  á»Ÿ nghÄ© dÆ°á»¡ng lÃ m vÆ°á»n bao lÃªn 200m thá»• cÆ° , cho ai co nhu cáº§u á»Ÿ ngay. - Sá»• Há»“ng RiÃªng rÃµ rÃ ng minh báº¡ch, Anh/chá»‹ xem Ä‘áº¥t Æ°ng Ã½ lÃ  cÃ³ thá»ƒ cÃ´ng chá»©ng sang tÃªn ngay, cáº§n thÃªm thÃ´ng tin gÃ¬ vá» Ä‘áº¥t cÅ©ng nhÆ° Ä‘á»ƒ Ä‘Æ°á»£c xem Ä‘áº¥t trá»±c tiáº¿p thÃ¬ Alo cho tÃ´i . (SÃ¡u Hai) H. NghÄ©a.",1656748774,,,,Máº·t tiá»n,,,,,,,,6 m,,,
"11/07/2022, 15:11",3339,LÃª Thá»‹ Há»“ng VÃ¢n,Biá»‡t thá»±,Thá»«a ThiÃªn Huáº¿,Thá»‹ xÃ£ HÆ°Æ¡ng Thá»§y,XÃ£...,"VÃµ NguyÃªn GiÃ¡p, XÃ£..., Thá»‹ xÃ£ HÆ°Æ¡ng Thá»§y, Thá»«a ThiÃªn Huáº¿",7 tá»·,46.67 triá»‡u/mÂ²,15382,150 mÂ²,20 m,7.5 m,ÄÃ´ng,4,4,"ğŸ‰ğŸ‰ RA Máº®T PHÃ‚N KHU ğˆğ‘ğˆğ’ - ğ„ğ‚ğ ğ†ğ€ğ‘ğƒğ„ğ - BIá»†T THá»° SONG Láº¬P VIEW Há»’ Äáº¢O ÄÃ”NG ğŸğŸ
ğŸ’¥ ğ“ğ¢ğÌ‚Ìğ§ Ä‘ğ¨Ì£Ì‚ ğ­ğ¡ğšğ§ğ¡ ğ­ğ¨ğšÌğ§ ğ¥ğ¢ğ§ğ¡ ğ¡ğ¨ğšÌ£ğ­
ğŸ’¥ ğğ ğšÌ‚ğ§ ğ¡ğšÌ€ğ§ğ  ğ¡ğ¨Ì‚Ìƒ ğ­ğ«ğ¨Ì›Ì£ ğ¯ğšğ² ğ¥ğÌ‚ğ§ Ä‘ğÌ‚Ìğ§ ğŸ–ğŸ%
ğŸ’¥ ğ‚ğ¡ğ¢ğÌ‚Ìğ­ ğ¤ğ¡ğšÌ‚Ìğ® ğ¤ğ¡ğ®Ì‰ğ§ğ  
Vá»‹ trÃ­ Ä‘áº¯c Ä‘á»‹a, trÃ¡i tim cá»§a ğ„ğ‚ğğ†ğ€ğ‘ğƒğ„ğ, CÆ¡ há»™i ğ—ğŸ‘ ğ“ğ€Ì€ğˆ ğ’ğ€Ì‰ğ trong tÆ°Æ¡ng lai
ğŸ“ Tá»a láº¡c trÃªn trá»¥c Ä‘Æ°á»ng 26m vÃ  trá»¥c 14m. View Há»“ Äáº£o ÄÃ´ng Äáº²NG Cáº¤P 
ğŸ“ Náº±m gáº§n Khu ThÆ°Æ¡ng Máº¡i sang Äáº¡i Lá»™ 100m VÃµ NguyÃªn GiÃ¡p 
ğŸ‘‰ DÃ’NG Sáº¢N PHáº¨M Cá»°C Ká»² ÄÆ¯á»¢C LÃ’NG NHÃ€ Äáº¦U TÆ¯ ğŸ‘‰ ğ’ğÌ‚Ì ğ‹ğ”Ì›ğÌ›Ì£ğğ† ğ‚ğÌ ğ‡ğ€Ì£ğ â€¼ï¸
â˜ï¸ Hotline PKD: Ms VÃ¢n.",1657527082,Há»£p Ä‘á»“ng mua bÃ¡n,"['CÃ´ng viÃªn', 'Há»“ bÆ¡i', 'SiÃªu thá»‹ mini', 'Chá»— Ä‘áº­u Ã´ tÃ´', 'T.T thÆ°Æ¡ng máº¡i', 'NhÃ  thiáº¿u nhi', 'NhÃ  vÄƒn hÃ³a', 'SÃ¢n váº­n Ä‘á»™ng', 'NhÃ  hÃ¡t', 'Ráº¡p chiáº¿u phim']",['ÄÆ°á»ng bÃª tÃ´ng'],Máº·t tiá»n,,,NhÃ  trá»‘ng,ChÆ°a sá»­ dá»¥ng,,"['ThÃ¢n thiá»‡n', 'TrÃ­ thá»©c']",,26 m,3,,
"11/07/2022, 15:09",3308,LÃª Duy ThÃ´ng,Äáº¥t bÃ¡n,TÃ¢y Ninh,Huyá»‡n GÃ² Dáº§u,XÃ£ Thanh PhÆ°á»›c,"XÃ£ Thanh PhÆ°á»›c, Huyá»‡n GÃ² Dáº§u, TÃ¢y Ninh",3.1 tá»·,4.99 triá»‡u/mÂ²,12145,620.7 mÂ²,36.19 m,18.2 m,TÃ¢y Báº¯c,--,--,"Äáº¥t máº·t tiá»n Ä‘áº¹p báº±ng pháº³ng, ná»Ÿ háº­u, giáº¥y tá» sá»• sÃ¡ch rá» rÃ ng. SÃ¡t thá»‹ tráº¥n GÃ² Dáº§u nÃªn giao thÃ´ng Ä‘i láº¡i thuáº­n tiá»‡n. Gáº§n cÃ¡c trá»ng yáº¿u kinh táº¿ cá»§a huyá»‡n. ÄÆ°á»ng Ä‘ang ráº£i bi Ä‘á»ƒ lÃªn dáº§u. DÃ¢n cÆ° Ä‘Ã´ng Ä‘Ãºc vÄƒn minh. Äáº§y Ä‘á»§ cÃ¡c dá»‹ch vá»¥ Ä‘á»i sá»‘ng cho má»i ngÆ°á»i. Do cáº§n vá»‘n Ä‘á»ƒ má»Ÿ rá»™ng kinh doanh nÃªn gia Ä‘Ã¬nh em cáº§n ra gáº¥p.

.",1656465146,Sá»• Ä‘á»,"['NhÃ  vÄƒn hÃ³a', 'SÃ¢n váº­n Ä‘á»™ng', 'TrÆ°á»ng máº§m non', 'TrÆ°á»ng cáº¥p 1', 'TrÆ°á»ng cáº¥p 2', 'Chá»£', 'SiÃªu thá»‹', 'Khu dÃ¢n cÆ°', 'Cao tá»‘c', 'Bá»‡nh viá»‡n']",['ÄÆ°á»ng tráº£i nhá»±a'],Máº·t tiá»n,,,,,,,,10 m,,,
"11/07/2022, 15:07",3563,Tráº§n Quá»‘c Nháº­t VÅ©,NhÃ  riÃªng,TP. ÄÃ  Náºµng,Quáº­n Thanh KhÃª,PhÆ°á»ng VÄ©nh Trung,"Nguyá»…n VÄƒn Linh, PhÆ°á»ng VÄ©nh Trung, Quáº­n Thanh KhÃª, TP. ÄÃ  Náºµng",5.4 tá»·,30 triá»‡u/mÂ²,15380,180 mÂ²,13 m,11 m,--,3,2,"- Chá»§ mua Biá»‡t thá»± cáº§n bÃ¡n nhÃ  Thanh KhÃª, trá»¥c tháº³ng huyáº¿t máº¡ch ÄÃ  Náºµng ra tháº³ng Cáº§u Rá»“ng, 5 phÃºt tá»›i sÃ¢n bay, 10 phÃºt sang SÆ¡n TrÃ  táº¯m biá»ƒn, khu vá»±c VIP báº­c nháº¥t ÄÃ  Náºµng, kinh doanh SPA, dá»‹ch vá»¥ du lá»‹ch, dÃ¢n cÆ° sáº§m uáº¥t, trÃ­ thá»©c.
- NhÃ  xÃ¢y kiÃªn cá»‘, káº¿t cáº¥u 5 phÃ²ng rá»™ng rÃ£i, thoÃ¡ng mÃ¡t, diá»‡n tÃ­ch sá»­ dá»¥ng 180 m2, chá»§ táº·ng ná»™i tháº¥t cao cáº¥p, xÃ¡ch vali vá» á»Ÿ ngay. - CÃ³ sÃ¢n vÆ°á»n rá»™ng rÃ£i, thoÃ¡ng mÃ¡t. - Sá»• Ä‘á» vuÃ´ng Ä‘áº¹p, chÃ­nh chá»§ thiá»‡n chÃ­, giao dá»‹ch ngay.
- GiÃ¡ chá»‰ 5 tá»· 2 (CÃ³ gia lá»™c). .",1657526830,,"['T.T thÆ°Æ¡ng máº¡i', 'TrÆ°á»ng máº§m non', 'TrÆ°á»ng cáº¥p 1', 'TrÆ°á»ng cáº¥p 2', 'TrÆ°á»ng cáº¥p 3', 'TrÆ°á»ng Äáº¡i há»c', 'Chá»£', 'SiÃªu thá»‹', 'Khu du lá»‹ch', 'Khu cÃ´ng nghiá»‡p', 'SÃ¢n bay']",['ÄÆ°á»ng bÃª tÃ´ng'],,,,NhÃ  trá»‘ng,ÄÃ£ qua sá»­ dá»¥ng,,"['ThÃ¢n thiá»‡n', 'TrÃ­ thá»©c']",['Báº£o vá»‡ 24/24'],4 m,,Biá»‡t thá»±,"['Ká»‡ TV', 'Tá»§ trang trÃ­', 'BÃ n gháº¿ P.KhÃ¡ch', 'GiÆ°á»ng ngá»§']"
"11/07/2022, 15:06",3547,ÄoÃ n Thá»‹ Tuyáº¿t ThÆ¡,Äáº¥t bÃ¡n,LÃ¢m Äá»“ng,Huyá»‡n Äá»©c Trá»ng,Thá»‹ tráº¥n LiÃªn NghÄ©a,"Nguyá»…n ThÃ¡i Há»c, Thá»‹ tráº¥n LiÃªn NghÄ©a, Huyá»‡n Äá»©c Trá»ng, LÃ¢m Äá»“ng",2.6 tá»·,4.73 triá»‡u/mÂ²,15379,550 mÂ²,50 m,10 m,--,--,--,"1 lÃ´ duy nháº¥t xÃ³t láº¡i táº¡i
Thá»‹ tráº¥n LiÃªn NghÄ©a Äá»©c Trá»ng
Máº·t tiá»n Ä‘Æ°á»ng nhá»±a ná»‘i tiáº¿p 2 Ä‘Ã¢u Ä‘Æ°á»ng thá»‘ng nháº¥t
10mx50m ná»Ÿ háº­u
Tá»•ng dt 550m2 (200 thá»• cÆ°)
260tr/1m quÃ¡ ráº» so vá»›i cÃ¡c trá»¥c Ä‘Æ°á»ng nhÃ¡nh bÃª tÃ´ng cÃ¹ng khu vá»±c
Lh (Mrs ThÆ¡ ÄoÃ n).",1657526788,Sá»• há»“ng,"['CÃ´ng viÃªn', 'TrÆ°á»ng máº§m non', 'TrÆ°á»ng cáº¥p 1', 'TrÆ°á»ng cáº¥p 2', 'TrÆ°á»ng cáº¥p 3', 'Chá»£', 'SiÃªu thá»‹', 'Khu cÃ´ng nghiá»‡p', 'SÃ¢n bay', 'Gáº§n sÃ´ng', 'Khu dÃ¢n cÆ°', 'Bá»‡nh viá»‡n']",['ÄÆ°á»ng tráº£i nhá»±a'],,,,,,,,,10 m,,,
"11/07/2022, 15:05",3288,Huá»³nh Giang,NhÃ  riÃªng,TP. Há»“ ChÃ­ Minh,Quáº­n 7,PhÆ°á»ng TÃ¢n HÆ°ng,"Tráº§n XuÃ¢n Soáº¡n, PhÆ°á»ng TÃ¢n HÆ°ng, Quáº­n 7, TP. Há»“ ChÃ­ Minh",3.83 tá»·,106.39 triá»‡u/mÂ²,15378,36 mÂ²,9 m,4 m,--,2,3,"BÃ¡n nhÃ  háº»m 1041 Tráº§n XuÃ¢n Soáº¡n, Quáº­n 7
- Diá»‡n tÃ­ch 4x9
- Káº¿t cáº¥u: 1 trá»‡t, 1 láº§u, 2PN, 3WC
- Háº»m trÆ°á»›c nhÃ  3m, an ninh, sáº¡ch sáº½, cÃ¡ch máº·t tiá»n háº»m Ã´ tÃ´ 30m
- Khu vá»±c gáº§n ngay khu dÃ¢n cÆ° Trung SÆ¡n , siÃªu thá»‹ Lotte Mart.
- NhÃ  phÃ¹ há»£p cho gia Ä‘Ã¬nh nhá»
- Sá»• há»“ng riÃªng. LH: Giang
Ä/C: 83 Ä‘Æ°á»ng sá»‘ 38, P.TÃ¢n Quy, Quáº­n 7.",1657526737,Sá»• há»“ng,"['CÃ´ng viÃªn', 'Há»“ bÆ¡i', 'SiÃªu thá»‹ mini', 'Chá»— Ä‘áº­u Ã´ tÃ´', 'T.T thÆ°Æ¡ng máº¡i', 'TrÆ°á»ng máº§m non', 'TrÆ°á»ng cáº¥p 1', 'TrÆ°á»ng cáº¥p 2', 'TrÆ°á»ng cáº¥p 3', 'TrÆ°á»ng Äáº¡i há»c', 'Chá»£', 'SiÃªu thá»‹', 'Khu cÃ´ng nghiá»‡p', 'Khu dÃ¢n cÆ°', 'Bá»‡nh viá»‡n']","['ÄÆ°á»ng tráº£i nhá»±a', 'ÄÆ°á»ng bÃª tÃ´ng']",Háº»m,,,,,,"['ThÃ¢n thiá»‡n', 'TrÃ­ thá»©c']","['Báº£o vá»‡ 24/24', 'Carmera an ninh']",,1,,
"11/07/2022, 14:58",2762,HoÃ ng LÃª TrÃºc Quá»³nh,Äáº¥t bÃ¡n,BÃ¬nh PhÆ°á»›c,Huyá»‡n Lá»™c Ninh,XÃ£ Lá»™c KhÃ¡nh,"Quá»‘c lá»™ 13, XÃ£ Lá»™c KhÃ¡nh, Huyá»‡n Lá»™c Ninh, BÃ¬nh PhÆ°á»›c",300 triá»‡u,1 triá»‡u/mÂ²,15376,300 mÂ²,5 m,60 m,--,--,--,"Náº¿u mng Ä‘ang vÃ¢n phÃ¢n khÃ´ng biáº¿t Ä‘áº§u tÆ° á»Ÿ Ä‘Ã¢u thÃ¬ hiá»‡n táº¡i em Ä‘ang cÃ³ vÃ i lÃ´ Ä‘áº¥t táº¡i Lá»™c KhÃ¡nh cam káº¿t lá»i 15% sau 6 thÃ¡ng. Äá»‹a chá»‰: xÃ£ Lá»™c KhÃ¡nh,Lá»™c Ninh,BÃ¬nh PhÆ°á»›c. + Diá»‡n tÃ­ch : 300m2. + Giao thÃ´ng Ä‘i láº¡i thuáº­n tiá»‡n. Ká» bÃªn cÃ¡c KCN,UBND. ÄÆ°á»ng xÃ¡ Ä‘i láº¡i thuáº­n tiá»‡n. + Tiá»‡n Ã­ch xung quanh Ä‘á»u Ä‘á»§ cáº£. TrÆ°á»ng há»c, bá»‡nh viá»‡n, chá»£, TTTM, â€¦.. trong bÃ¡n kÃ­nh 2km. + Máº·t tiá»n vÃ  Ä‘Æ°á»ng trÆ°á»›c nhÃ  ráº¥t rá»™ng. GiÃ¡ : 300tr. Cam káº¿t sinh lá»i 15% sau 6 thÃ¡ng.",1657526328,Äang chá» sá»•,"['CÃ´ng viÃªn', 'T.T thÆ°Æ¡ng máº¡i', 'NhÃ  vÄƒn hÃ³a', 'SÃ¢n váº­n Ä‘á»™ng', 'TrÆ°á»ng máº§m non', 'TrÆ°á»ng cáº¥p 1', 'TrÆ°á»ng cáº¥p 2', 'TrÆ°á»ng cáº¥p 3', 'Chá»£', 'SiÃªu thá»‹', 'Khu du lá»‹ch', 'Khu cÃ´ng nghiá»‡p', 'Khu dÃ¢n cÆ°', 'Cao tá»‘c', 'Bá»‡nh viá»‡n']",['ÄÆ°á»ng tráº£i nhá»±a'],Háº»m,,,,,,,,8 m,,,
"11/07/2022, 14:55",2625,LÃª VÄƒn Tiáº¿n,NhÃ  riÃªng,Thá»«a ThiÃªn Huáº¿,TP. Huáº¿,PhÆ°á»ng An TÃ¢y,"Há»“ Äáº¯c Di, PhÆ°á»ng An TÃ¢y, TP. Huáº¿, Thá»«a ThiÃªn Huáº¿",3.85 tá»·,39.29 triá»‡u/mÂ²,15375,98 mÂ²,--,--,TÃ¢y Báº¯c,3,3,"Cáº¦N BÃN NHÃ€ LÃ ng Äáº¡i há»c Huáº¿, phÆ°á»ng An TÃ¢y, ThÃ nh phá»‘ Huáº¿, Thá»«a ThiÃªn Huáº¿ Diá»‡n tÃ­ch Ä‘áº¥t 97,5m2. Diá»‡n tÃ­ch xÃ¢y dá»±ng 83m2 Diá»‡n tÃ­ch sÃ n 166m2 (vá»›i cÃ´ng nÄƒng 2 táº§ng, 3 PN, 3WC khÃ©p kÃ­n, phÃ²ng khÃ¡ch, báº¿p, gara Ã´tÃ´, phÃ²ng thá», kv phÆ¡i Ã¡o quáº§n,...). HÆ°á»›ng TÃ¢y Báº¯c ÄÆ°á»ng: 11,5m Gáº§n: Äáº¡i há»c Luáº­t, Äáº¡i há»c Kinh táº¿, Äáº¡i há»c Ngoáº¡i ngá»¯, Khoa GDTC, trÆ°á»ng Du lá»‹ch, Báº¿n xe phÃ­a Nam TP Huáº¿.... GiÃ¡ bÃ¡n: 3.8xx thÆ°Æ¡ng lÆ°á»£ng.",1657526121,Sá»• Ä‘á»,,,,,,,,,,,,2,,
"11/07/2022, 14:52",1538,Tuáº¥n ThÃ nh,NhÃ  riÃªng,TP. Há»“ ChÃ­ Minh,Quáº­n TÃ¢n BÃ¬nh,PhÆ°á»ng 7,"BÃ nh VÄƒn TrÃ¢n, PhÆ°á»ng 7, Quáº­n TÃ¢n BÃ¬nh, TP. Há»“ ChÃ­ Minh",8.5 tá»·,141.67 triá»‡u/mÂ²,15374,60 mÂ²,--,--,--,--,--,"BÃ¡n NhÃ  háº»m 4m Ä‘Æ°á»ng BÃ nh VÄƒn TrÃ¢n, PhÆ°á»ng 7, Quáº­n TÃ¢n BÃ¬nh. - DT: 4.3m x 14m. Sá»• CN: 60m2. ÄÃºc 1 Trá»‡t + 1 Lá»­ng + 3 Láº§u. . - ÄÆ°á»ng 4m ThÃ´ng, xe hÆ¡i tá»›i cá»­a. Vá»‹ TrÃ­ DÃ¢n TrÃ­ cao, thÃ­ch há»£p gia Ä‘Ã¬nh Ä‘Ã´ng ngÆ°á»i. GiÃ¡: 8.5 Tá»· cÃ²n TL. LH: Tuáº¥n ThÃ nh Xem nhÃ .",1657525928,,,,,,,,,,,,,,,
"11/07/2022, 14:52",1794,Äá»— Thá»‹ Ngá»c Oanh,Äáº¥t ná»n dá»± Ã¡n,Quáº£ng Ninh,Huyá»‡n VÃ¢n Äá»“n,XÃ£ ÄÃ´ng XÃ¡,"58m, XÃ£ ÄÃ´ng XÃ¡, Huyá»‡n VÃ¢n Äá»“n, Quáº£ng Ninh",5 tá»·,46.3 triá»‡u/mÂ²,15373,108 mÂ²,18 m,6 m,ÄÃ´ng Nam,--,--,"ğŸŒ¸ Má» BÃN LÃ” SIÃŠU Äáº¸P LK37, LK38 Dá»° ÃN PHÆ¯Æ NG ÄÃ”NG VÃ‚N Äá»’N ğŸŒ¸ğŸŒ¸
- Diá»‡n tÃ­ch: 87,5m .
- Máº·t tiá»n: 5m.
- Loáº¡i hÃ¬nh: Äáº¥t ná»n.
- Máº­t Ä‘á»™ xÃ¢y dá»±ng: 100%.
- Khoáº£ng lÆ°u khÃ´ng máº·t sau (khÃ´ng tÃ­nh vÃ o DT Ä‘áº¥t): 2m. 
- View: Biá»ƒn vÃ  Äáº¡i lá»™ 58m
- Vá»‹ trÃ­: GÃ³c cÃ¢y xanh vÃ  Khe thoÃ¡ng.
- Há»— trá»£ thanh toÃ¡n trong 12 thÃ¡ng hoáº·c 24 thÃ¡ng.
- Thanh toÃ¡n 100% nháº­n sá»• má»›i sau 7 ngÃ y.
- KhÃ´ng Ã©p tiáº¿n Ä‘á»™ xÃ¢y vÃ  xÃ¢y theo máº«u riÃªng cá»§a mÃ¬nh.",1657525921,Sá»• Ä‘á»,"['CÃ´ng viÃªn', 'T.T thÆ°Æ¡ng máº¡i', 'NhÃ  vÄƒn hÃ³a', 'SÃ¢n váº­n Ä‘á»™ng', 'TrÆ°á»ng máº§m non', 'Chá»£', 'SiÃªu thá»‹', 'Khu du lá»‹ch', 'SÃ¢n bay', 'Cáº£ng biá»ƒn', 'Gáº§n biá»ƒn', 'Khu dÃ¢n cÆ°', 'Cao tá»‘c', 'Bá»‡nh viá»‡n']",['ÄÆ°á»ng tráº£i nhá»±a'],Máº·t tiá»n,,,,,,,,10.5 m,,,
"11/07/2022, 14:52",2962,HiÃªu,Äáº¥t ná»n dá»± Ã¡n,TP. Há»“ ChÃ­ Minh,Huyá»‡n BÃ¬nh ChÃ¡nh,XÃ£ BÃ¬nh ChÃ¡nh,"HoÃ ng Phan ThÃ¡i, XÃ£ BÃ¬nh ChÃ¡nh, Huyá»‡n BÃ¬nh ChÃ¡nh, TP. Há»“ ChÃ­ Minh",2.55 tá»·,31.84 triá»‡u/mÂ²,15372,80.1 mÂ²,13.75 m,5.75 m,ÄÃ´ng Báº¯c,--,--,"Äáº¥t KDC HoÃ ng Phan ThÃ¡i Gáº§n Trung tÃ¢m VÄƒn hÃ³a - Thá»ƒ thao xÃ£ BÃ¬nh ChÃ¡nh. * Ä‘Ã£ cÃ³ shr vÃ  Ä‘Æ°á»£c phÃ©p xÃ¢y dá»±ng tá»± do-PhÃ¡p lÃ½ rÃµ rÃ ng. *GiÃ¡ bÃ¡n: 2 tá»· 550 triá»‡u. * Diá»‡n tÃ­ch: 80,1m2. - Ngay Quá»‘c Lá»™ 1A vÃ o Ä‘Æ°á»ng HoÃ ng Phan ThÃ¡i 900m quáº¹o pháº£i 30m. - ÄÆ°á»ng vÃ o 12m , Ä‘Æ°á»ng ná»™i bá»™ 8m. - Äiá»‡n Ã¢m nÆ°á»›c mÃ¡y , cá»™t Ä‘Ã¨n chiáº¿u sÃ¡ng , xÃ¢y dá»±ng tá»± do. - CÃ¡ch TT hÃ nh chÃ­nh huyá»‡n BÃ¬nh ChÃ¡nh chá»‰ 10 phÃºt Ä‘i xe. - NgÃ¢n hÃ ng há»— trá»£ vay.",1657525920,Sá»• há»“ng,"['CÃ´ng viÃªn', 'NhÃ  vÄƒn hÃ³a', 'SÃ¢n váº­n Ä‘á»™ng', 'TrÆ°á»ng máº§m non', 'TrÆ°á»ng cáº¥p 1', 'TrÆ°á»ng cáº¥p 2', 'TrÆ°á»ng cáº¥p 3', 'Chá»£', 'SiÃªu thá»‹']",['ÄÆ°á»ng tráº£i nhá»±a'],Máº·t tiá»n,,,,,,,,10 m,,,
"11/07/2022, 14:50",3738,HoÃ ng Cáº©m TÃº,Äáº¥t bÃ¡n,LÃ¢m Äá»“ng,Huyá»‡n Báº£o LÃ¢m,XÃ£ Lá»™c An,"XÃ£ Lá»™c An, Huyá»‡n Báº£o LÃ¢m, LÃ¢m Äá»“ng",697 triá»‡u,2.7 triá»‡u/mÂ²,15371,258 mÂ²,25 m,9.99 m,--,--,--,"tÃ´i Ä‘ang cÃ³ máº¥y lÃ´ Ä‘áº¥t nghá»‰ dÆ°á»¡ng view hÆ°á»›ng qua hoa dÃ£ quá»³ vÃ  Ä‘á»“i chÃ¨, khi háº­u á»Ÿ Ä‘Ã¢y Ã´n hÃ²a, ráº¥t thÃ­ch há»£p Ä‘á»ƒ lÃ m khu nghá»‰ dÆ°á»¡ng hoáº·c Ä‘áº§u tÆ°. náº±m ngay Ä‘iá»ƒm giao cá»§a cao tá»‘c Dáº§u GiÃ¢y-LiÃªn KhÆ°Æ¡ng. cÃ¡ch QL20 1km, náº±m trÃªn máº·t tiá»n Ä‘Æ°á»ng liÃªn xÃ£ 20m, dÃ¢n cÆ° hiá»‡n há»¯u, tiá»‡n Ã­ch bao quanh lÃ´ Ä‘áº¥t bÃ¡n kÃ­nh chÆ°a Ä‘áº§y 2km. Ä‘áº¥t thá»• cÆ° sá»• há»“ng riÃªng, mua cÃ´ng chá»©ng nhanh. Ä‘áº¥t cÃ³ há»— trá»£ vay ngÃ¢n hÃ ng lÃªn Ä‘áº¿n 70%.",1657525859,Sá»• há»“ng,"['CÃ´ng viÃªn', 'T.T thÆ°Æ¡ng máº¡i', 'NhÃ  vÄƒn hÃ³a', 'SÃ¢n váº­n Ä‘á»™ng', 'TrÆ°á»ng máº§m non', 'TrÆ°á»ng cáº¥p 1', 'TrÆ°á»ng cáº¥p 2', 'TrÆ°á»ng cáº¥p 3', 'TrÆ°á»ng Äáº¡i há»c', 'Chá»£', 'SiÃªu thá»‹', 'Khu du lá»‹ch', 'SÃ¢n bay', 'Gáº§n rá»«ng', 'Gáº§n nÃºi', 'Khu dÃ¢n cÆ°', 'Cao tá»‘c', 'Bá»‡nh viá»‡n']",['ÄÆ°á»ng tráº£i nhá»±a'],Máº·t tiá»n,,,,,,,,20 m,,,
"11/07/2022, 14:48",4090,Nguyá»…n Mai KhÃ¡nh Linh,Shop-house,Quáº£ng BÃ¬nh,TP. Äá»“ng Há»›i,XÃ£ Báº£o Ninh,"VÃµ Nguyá»…n GiÃ¡p, XÃ£ Báº£o Ninh, TP. Äá»“ng Há»›i, Quáº£ng BÃ¬nh",3.5 tá»·,21.21 triá»‡u/mÂ²,15370,165 mÂ²,--,--,--,5+,5+,"- TÃªn thÆ°Æ¡ng máº¡i: Regal Legend Quang Binh. - Dá»± Ã¡n: Khu Ä‘Ã´ thá»‹ phá»©c há»£p Ä‘áº³ng cáº¥p quá»‘c táº¿ Báº£o Ninh 1. - Vá»‹ trÃ­: ÄÆ°á»ng VÃµ NguyÃªn GiÃ¡p, xÃ£ Báº£o Ninh, TP Äá»“ng Há»›i, Tá»‰nh Quáº£ng BÃ¬nh. - Loáº¡i hÃ¬nh sáº£n pháº©m: NhÃ  á»Ÿ káº¿t há»£p kinh doanh(shophouse), shop villa, - nhÃ  liá»n ká», biá»‡t thá»± ven há»“, khu du lá»‹ch 5 sao cáº£nh quan ven há»“. - Quy mÃ´: 21 Hecta. - Tá»•ng vá»‘n Ä‘áº§u tÆ°: gáº§n 10.000 tá»· Ä‘á»“ng. - Thá»i gian xÃ¢y dá»±ng: 2021-2025. Sáº¢N PHáº¨M BAO Gá»’M:. 1. Sá»‘ lÆ°á»£ng Shophouse: 239 cÄƒn. - Loáº¡i 4 táº§ng: 103 cÄƒn diá»‡n tÃ­ch(ngang 6m, dÃ i 16,5m, tá»•ng 99m2 vÃ  ngang 6m, dÃ i 20m tá»•ng 120m2. - Loáº¡i 5 táº§ng: 80 cÄƒn diá»‡n tÃ­ch(ngang 6m, dÃ i 18m, tá»•ng 108m2 vÃ  ngang 6m, dÃ i 24m tá»•ng 144m2. - Loáº¡i 6 táº§ng: 56 cÄƒn diá»‡n tÃ­ch 165m2 vÃ  150m2. 2. Sá»‘ lÆ°á»£ng biá»‡t thá»±: 78 cÄƒn. - Villa song láº­p: 40 cÄƒn diá»‡n tÃ­ch 200-250m2. - Villa máº·t há»“: 38 cÄƒn diá»‡n tÃ­ch 192m2-280m2. TIá»†N ÃCH Ná»”I Báº¬T:. - Há»‡ thá»‘ng Regal Mall: Trung tÃ¢m thÆ°Æ¡ng máº¡i ná»™i khu. - Há»‡ thá»‘ng siÃªu thá»‹ Regal Food: ChuyÃªn dÃ²ng thá»±c pháº©m cao cáº¥p. - Regal Fitness: Trung tÃ¢m thá»ƒ dá»¥c tháº©m má»¹. - Regal Exclusive: Khu nhÃ  cá»™ng Ä‘á»“ng, club house. - Regal Pool: Há»‡ thá»‘ng há»“ bÆ¡i cÃ´ng cá»™ng. - Tiá»‡n Ã­ch trong má»—i toÃ  nhÃ  chung cÆ°: Fitness, Exclusive, Sky Pool, Pocket Garden, BBQ, Kid Club, Outdoor Lounge,. - Phá»‘ Ä‘i bá»™ thÆ°Æ¡ng máº¡i, phá»‘ Ä‘i bá»™ ven há»“. LIÃŠN Há»† NGAY Äá»‚ NHáº¬N THÃ”NG TIN CHI TIáº¾T VÃ€ Æ¯U ÄÃƒI .",1657525734,Sá»• há»“ng,"['Há»“ bÆ¡i', 'SiÃªu thá»‹ mini', 'T.T thÆ°Æ¡ng máº¡i', 'Chá»£', 'SiÃªu thá»‹', 'Khu du lá»‹ch', 'Gáº§n sÃ´ng', 'Gáº§n biá»ƒn', 'Khu dÃ¢n cÆ°', 'Cao tá»‘c']",,Máº·t tiá»n,,,,,"['Chá»— Ä‘á»ƒ Ã´ tÃ´', 'Háº§m Ä‘á»ƒ xe', 'CÃ´ng viÃªn', 'Há»“ bÆ¡i chung', 'Ban cÃ´ng riÃªng', 'SiÃªu thá»‹ mini', 'T.T thÆ°Æ¡ng máº¡i', 'P. sinh hoáº¡t chung', 'PhÃ²ng táº­p gym', 'SÃ¢n chÆ¡i tráº» em', 'SÃ¢n nÆ°á»›ng BBQ', 'NhÃ  hÃ ng', 'CÃ  phÃª']",['TrÃ­ thá»©c'],"['Báº£o vá»‡ 24/24', 'Carmera an ninh']",,5+,,
"11/07/2022, 14:48",1214,Pham Quang Manh,NhÃ  riÃªng,TP. HÃ  Ná»™i,Quáº­n HoÃ ng Mai,PhÆ°á»ng HoÃ ng VÄƒn Thá»¥,"ÄÆ°á»ng HoÃ ng Mai, PhÆ°á»ng HoÃ ng VÄƒn Thá»¥, Quáº­n HoÃ ng Mai, TP. HÃ  Ná»™i",3.5 tá»·,100 triá»‡u/mÂ²,15369,35 mÂ²,--,4.2 m,TÃ¢y Nam,3,3," -Vá»‹ trÃ­ tuyá»‡t vá»i vá»›i táº§m tiá»n phÃ¢n khÃºc trÃªn 3 tá»·. NgÃµ thÃ´ng, ngay gáº§n TrÆ°á»ng Máº§n Non HoÃ ng VÄƒn Thá»¥. TrÆ°á»ng C1.C2. PhÆ°á»ng CA. Chá»£ bÃ¡n kÃ­nh chÆ°a Ä‘áº§y 100 mÃ©t. Tiá»‡n Ã­ch vÃ´ cÃ¹ng.
Thiáº¿t káº¿ nhÃ  thÃ´ng sÃ n. Thiáº¿t káº¿ hiá»‡n Ä‘áº¡i cá»±c ká»³ báº¯t máº¯t.
Táº§ng 1: PhÃ²ng khÃ¡ch, Báº¿p, Ä‘á»ƒ xe, vá»‡ sinh.
Táº§ng 2 + 3 + 4: 3 PhÃ²ng ngá»§ master cá»±c rá»™ng, ban cÃ´ng, vá»‡ sinh cá»±c rá»™ng Ä‘á»u cÃ³ cá»­a sá»• sÃ¡ng thoÃ¡ng.
Táº§ng 5: PhÃ²ng thá», sÃ¢n phÆ¡i, phÃ²ng Ä‘á»ƒ Ä‘á»“.
Sá»• Ä‘á».
- Ä‘á»ƒ láº¡i ná»™i tháº¥t sang trá»ng toÃ n bá»™ há»‡ thá»‘ng tá»§ phÃ²ng ngá»§ Ã¢m tÆ°á»ng. Ká»‡ tá»§ rÆ°á»£u. Quáº¡t tráº§n. Ká»‡ tivi. Tranh. Há»‡ thá»‘ng nÃ³ng cÃ¡c vá»‡ sinh Há»‡ thá»‘ng tá»§ báº¿p.
KhÃ¡ch chá»‰ dá»n vÃ o á»Ÿ.
+ áº¢NH THáº¬T 100%.",1657525704,Sá»• Ä‘á»,"['CÃ´ng viÃªn', 'Há»“ bÆ¡i', 'SiÃªu thá»‹ mini', 'Chá»— Ä‘áº­u Ã´ tÃ´', 'T.T thÆ°Æ¡ng máº¡i', 'NhÃ  vÄƒn hÃ³a', 'TrÆ°á»ng máº§m non', 'TrÆ°á»ng cáº¥p 1', 'TrÆ°á»ng cáº¥p 2', 'TrÆ°á»ng cáº¥p 3', 'TrÆ°á»ng Äáº¡i há»c', 'Chá»£', 'SiÃªu thá»‹']",['ÄÆ°á»ng tráº£i nhá»±a'],Máº·t tiá»n,,,Äang á»Ÿ,ÄÃ£ qua sá»­ dá»¥ng,,"['ThÃ¢n thiá»‡n', 'TrÃ­ thá»©c']","['Báº£o vá»‡ 24/24', 'Carmera an ninh']",3 m,5+,,"['Ká»‡ TV', 'Tá»§ trang trÃ­', 'BÃ n gháº¿ P.KhÃ¡ch', 'Tá»§ quáº§n Ã¡o', 'Tá»§ báº¿p', 'BÃ¬nh nÃ³ng láº¡nh', 'VÃ²i hoa sen', 'Bá»“n rá»­a máº·t', 'MÃ¡y láº¡nh', 'Tivi', 'Tá»§ láº¡nh']"
"11/07/2022, 14:46",3412,Huynh Thanh Mai,Äáº¥t ná»n dá»± Ã¡n,BÃ¬nh DÆ°Æ¡ng,Huyá»‡n BÃ u BÃ ng,Thá»‹ tráº¥n Lai UyÃªn,"Thá»‹ tráº¥n Lai UyÃªn, Huyá»‡n BÃ u BÃ ng, BÃ¬nh DÆ°Æ¡ng",1.7 tá»·,17 triá»‡u/mÂ²,15368,100 mÂ²,20 m,5 m,--,--,--,"Diá»‡n tÃ­ch lÃ´ Ä‘áº¥t: 5 x 20m.
LÃ´ Ä‘áº¥t náº±m ngay trung tÃ¢m thá»‹ tráº¥n Lai UyÃªn huyá»‡n BÃ u BÃ ng, tá»‰nh BÃ¬nh DÆ°Æ¡ng.
Máº·t tiá»n Ä‘Æ°á»ng 15m, Ä‘Æ°á»ng trÆ°á»›c nhÃ  25m2.
ÄÆ°á»£c tá»± do xÃ¢y dá»±ng khi mua Ä‘Ã£ mua xong.
Äáº·c biá»‡t lÃ  náº±m liá»n ká» quá»‘c lá»™ 13 vÃ  cÃ¡ch cá»¥m cÃ´ng nghiá»‡p - Ä‘Ã´ thá»‹ BÃ u BÃ ng 3200ha chá»‰ cÃ³ 1,5km.
PhÃ¡p lÃ½ dá»± Ã¡n: Sá»• há»“ng riÃªng tá»«ng ná»n, 100% thá»• cÆ°.
Sá»Ÿ há»¯u khuÃ´n viÃªn Ä‘áº¥t rá»™ng rÃ£i, khu Ä‘Ã´ thá»‹ Lai UyÃªn - BÃ u BÃ ng Ä‘Æ°á»£c trang bá»‹ Ä‘áº§y Ä‘á»§ há»‡ thá»‘ng cÃ¡c cÃ´ng trÃ¬nh tiá»‡n Ã­ch phong phÃº nhÆ°: Khu mua sáº¯m, áº©m thá»±c, trÆ°á»ng há»c, khu vui chÆ¡i, giáº£i trÃ­, khu vá»±c rÃ¨n luyá»‡n thá»ƒ thao, chÄƒm sÃ³c sáº¯c Ä‘áº¹p,â€¦cá»§a cÆ° dÃ¢n, khu vá»±c cÃ¢y xanh, tiá»ƒu cáº£nh.",1657525576,Sá»• Ä‘á»,"['CÃ´ng viÃªn', 'T.T thÆ°Æ¡ng máº¡i', 'NhÃ  vÄƒn hÃ³a', 'SÃ¢n váº­n Ä‘á»™ng', 'TrÆ°á»ng máº§m non', 'TrÆ°á»ng cáº¥p 1', 'TrÆ°á»ng cáº¥p 2', 'TrÆ°á»ng cáº¥p 3', 'Chá»£', 'SiÃªu thá»‹', 'Khu cÃ´ng nghiá»‡p']",['ÄÆ°á»ng tráº£i nhá»±a'],Máº·t tiá»n,,,,,,,,25 m,,,
"11/07/2022, 14:38",4088,Tráº§n Quá»‘c Báº£o,Äáº¥t bÃ¡n,Long An,Huyá»‡n Äá»©c HÃ²a,XÃ£ HÃ²a KhÃ¡nh Nam,"áº¤p Thuáº­n HÃ²a 1, XÃ£ HÃ²a KhÃ¡nh Nam, Huyá»‡n Äá»©c HÃ²a, Long An",1.2 tá»·,8.39 triá»‡u/mÂ²,15366,143 mÂ²,28.6 m,5 m,--,--,--,"-sá»• há»“ng riÃªng -cÃ¡ch chá»£ hÃ²a khÃ¡nh táº±m 5 phÃºt Ä‘i xe mÃ¡y, Ä‘á»‘i diá»‡n trÆ°á»ng máº«u giÃ¡o hÃ²a khÃ¡nh nam 1 xáº¹t vÃ o táº±m 300 mÃ©t. -dÃ¢n cÆ° Ä‘Ã´ng Ä‘Ãºc, Ä‘Æ°á»ng tráº£i Ä‘Ã¡. -thÃ­ch há»£p cho a e Ä‘áº§u tÆ° lÃ¢u dÃ i, hoáº·c cáº¥t nhÃ  á»Ÿ (ná»n Ä‘áº¥t cao). -giÃ¡ thÆ°Æ¡ng lÆ°á»£ng nháº¹ bá»›t giáº¥y tá», thuáº¿ bÃªn ai náº¥y Ä‘Ã³ng. - diá»‡n tÃ­ch thá»±c ngoÃ i Ä‘áº¥t 143 m2, cáº­p nháº­t láº¡i sá»•. -khÃ´ng tiáº¿p mÃ´i giá»›i Ä‘Äƒng tinbáº¥t Ä‘á»™ng sáº£n. -tÃ´i chÃ­nh chá»§, hoa há»“ng Ä‘á»§ 2% cho a e cÃ² (mÃ´i giá»›i).",1657525130,Sá»• há»“ng,"['CÃ´ng viÃªn', 'TrÆ°á»ng máº§m non', 'TrÆ°á»ng cáº¥p 1', 'TrÆ°á»ng cáº¥p 2', 'TrÆ°á»ng cáº¥p 3', 'Chá»£', 'SiÃªu thá»‹', 'Khu dÃ¢n cÆ°']",['ÄÆ°á»ng tráº£i Ä‘Ã¡'],Máº·t tiá»n,,,,,,,,,,,
"11/07/2022, 14:36",4089,Nguyá»…n Äá»©c DÆ°Æ¡ng,Äáº¥t ná»n dá»± Ã¡n,Quáº£ng Nam,Huyá»‡n ThÄƒng BÃ¬nh,XÃ£ BÃ¬nh TÃº,"Quá»‘c lá»™ 1A, XÃ£ BÃ¬nh TÃº, Huyá»‡n ThÄƒng BÃ¬nh, Quáº£ng Nam",2.16 tá»·,17.24 triá»‡u/mÂ²,15365,125 mÂ²,25 m,4.99 m,ÄÃ´ng,--,--,"ğŸ”¥NHáº¬N NGAY Æ¯U ÄÃƒI Lá»šN LÃŠN Äáº¾N 9% KHI GIAO Dá»ŠCH 
Vá»‹ trÃ­: huyá»‡n ThÄƒng BÃ¬nh - tá»‰nh Quáº£ng nam. 
ğŸ’¸ GiÃ¡ theo m2: 18 Tr/m2
ğŸ¯DIá»†N TÃCH VÃ€NG: 5x25m 
ğŸ¯ Äáº¥t cÃ³ sá»• Ä‘á» tá»«ng lÃ´ nhÆ°ng váº«n há»— trá»£ tráº£ gÃ³p 12-36 thÃ¡ng vá»›i 0.% L.Ãƒ.I S.U.áº¤.T
ğŸ¯Tiá»‡n Ã­ch xung quanh Ä‘ang sá»¡ há»¯u vá»‹ trÃ­ Ä‘áº¯c Ä‘á»‹a máº·t tiá»n QL1A, gáº§n khu phá»‘ chá»£ lá»›n sáº§m uáº¥t, UBND, SÃ¢n vÃ¢n Ä‘á»™ng vÃ  trÆ°á»ng há»c cÃ¡c cáº¥p....v..v
âœ… CÆ  Há»˜I CHO NHÃ€ Äáº¦U TÆ¯
âœ… Giao dá»‹ch nhanh chÃ³ng â€“ dá»… dÃ ng Ä‘áº§u tÆ° ngáº¯n háº¡n vÃ  dÃ i háº¡n
âœ… Há»— trá»£ V.A.Y vá»‘n NH vá»›i chÃ­nh sÃ¡ch Æ°u Ä‘Ã£i.
âœ… Cam káº¿t giÃ¡ tá»‘t nháº¥t khu vá»±c máº·t tiá»n QL1A
Háº¡ táº§ng hoÃ n thiá»‡n ( CÃ¢y xanh+ vá»‰a hÃ¨ rá»™ng Ä‘áº¿n 17m lÃ¡t Ä‘Ã¡ + cá»‘ng thoÃ¡t nÆ°á»›c 2m,...)
ChÃ­nh sÃ¡ch há»• trá»£ thanh toÃ¡n linh hoáº¡t lÃªn Ä‘áº¿n 36 thÃ¡ng khÃ´ng lÃ£i suáº¥t 
 Äáº¶C BIá»†T trong tuáº§n lá»… vÃ ng tá»« ngÃ y 11/7 Ä‘áº¿n ngÃ y 17/7, khi quÃ½ khÃ¡ch hÃ ng giao dá»‹ch thÃ nh cÃ´ng 1 sáº£n pháº©m sáº½ Ä‘Æ°á»£c táº·ng 2 chá»‰ vÃ ng.",1657524984,Sá»• Ä‘á»,,['ÄÆ°á»ng tráº£i nhá»±a'],Máº·t tiá»n,,,,,,,,,,,
